DÍA,FECHA,CLIENTES_AM,CLIENTES_PM,CLIENTES_TOTAL
MIÉRCOLES,2/01/2019,,,380
JUEVES,3/01/2019,,,389
VIERNES,4/01/2019,,,439
SÁBADO,5/01/2019,,,280
DOMINGO,6/01/2019,,,253
LUNES,7/01/2019,,,259
MARTES,8/01/2019,,,194
MIÉRCOLES,9/01/2019,,,201
JUEVES,10/01/2019,,,252
VIERNES,11/01/2019,,,318
SÁBADO,12/01/2019,,,528
DOMINGO,13/01/2019,,,278
LUNES,14/01/2019,,,202
MARTES,15/01/2019,,,206
MIÉRCOLES,16/01/2019,,,228
JUEVES,17/01/2019,,,230
VIERNES,18/01/2019,,,404
SÁBADO,19/01/2019,,,522
DOMINGO,20/01/2019,,,298
LUNES,21/01/2019,,,203
MARTES,22/01/2019,,,222
MIÉRCOLES,23/01/2019,,,306
JUEVES,24/01/2019,,,301
VIERNES,25/01/2019,,,331
SÁBADO,26/01/2019,,,569
DOMINGO,27/01/2019,,,257
LUNES,28/01/2019,,,204
MARTES,29/01/2019,,,206
MIÉRCOLES,30/01/2019,,,220
JUEVES,31/01/2019,,,231
VIERNES,1/02/2019,,,291
SÁBADO,2/02/2019,,,466
DOMINGO,3/02/2019,,,257
LUNES,4/02/2019,,,164
MARTES,5/02/2019,,,248
MIÉRCOLES,6/02/2019,,,222
JUEVES,7/02/2019,,,230
VIERNES,8/02/2019,,,343
SÁBADO,9/02/2019,,,493
DOMINGO,10/02/2019,,,248
LUNES,11/02/2019,,,193
MARTES,12/02/2019,,,191
MIÉRCOLES,13/02/2019,,,181
JUEVES,14/02/2019,,,392
VIERNES,15/02/2019,,,380
SÁBADO,16/02/2019,,,492
DOMINGO,17/02/2019,,,276
LUNES,18/02/2019,,,235
MARTES,19/02/2019,,,240
MIÉRCOLES,20/02/2019,,,171
JUEVES,21/02/2019,,,226
VIERNES,22/02/2019,,,294
SÁBADO,23/02/2019,,,483
DOMINGO,24/02/2019,,,247
LUNES,25/02/2019,,,253
MARTES,26/02/2019,,,230
MIÉRCOLES,27/02/2019,,,214
JUEVES,28/02/2019,,,299
VIERNES,1/03/2019,,,454
SÁBADO,2/03/2019,,,449
DOMINGO,3/03/2019,,,260
LUNES,4/03/2019,,,293
MARTES,5/03/2019,,,237
MIÉRCOLES,6/03/2019,,,225
JUEVES,7/03/2019,,,239
VIERNES,8/03/2019,,,274
SÁBADO,9/03/2019,,,395
DOMINGO,10/03/2019,,,210
LUNES,11/03/2019,,,168
MARTES,12/03/2019,,,236
MIÉRCOLES,13/03/2019,,,183
JUEVES,14/03/2019,,,224
VIERNES,15/03/2019,,,284
SÁBADO,16/03/2019,,,475
DOMINGO,17/03/2019,,,280
LUNES,18/03/2019,,,244
MARTES,19/03/2019,,,255
MIÉRCOLES,20/03/2019,,,268
JUEVES,21/03/2019,,,241
VIERNES,22/03/2019,,,305
SÁBADO,23/03/2019,,,463
DOMINGO,24/03/2019,,,248
LUNES,25/03/2019,,,214
MARTES,26/03/2019,,,198
MIÉRCOLES,27/03/2019,,,189
JUEVES,28/03/2019,,,246
VIERNES,29/03/2019,,,373
SÁBADO,30/03/2019,,,473
DOMINGO,31/03/2019,,,230
LUNES,1/04/2019,,,151
MARTES,2/04/2019,,,174
MIÉRCOLES,3/04/2019,,,261
JUEVES,4/04/2019,,,214
VIERNES,5/04/2019,,,279
SÁBADO,6/04/2019,,,493
DOMINGO,7/04/2019,,,240
LUNES,8/04/2019,,,220
MARTES,9/04/2019,,,187
MIÉRCOLES,10/04/2019,,,297
JUEVES,11/04/2019,,,285
VIERNES,12/04/2019,,,269
SÁBADO,13/04/2019,,,434
DOMINGO,14/04/2019,,,248
LUNES,15/04/2019,,,257
MARTES,16/04/2019,,,248
MIÉRCOLES,17/04/2019,,,213
JUEVES,18/04/2019,,,246
VIERNES,19/04/2019,,,316
SÁBADO,20/04/2019,,,389
DOMINGO,21/04/2019,,,275
LUNES,22/04/2019,,,239
MARTES,23/04/2019,,,245
MIÉRCOLES,24/04/2019,,,244
JUEVES,25/04/2019,,,261
VIERNES,26/04/2019,,,310
SÁBADO,27/04/2019,,,367
DOMINGO,28/04/2019,,,195
LUNES,29/04/2019,,,177
MARTES,30/04/2019,,,188
MIÉRCOLES,1/05/2019,,,272
JUEVES,2/05/2019,,,208
VIERNES,3/05/2019,,,353
SÁBADO,4/05/2019,,,312
DOMINGO,5/05/2019,,,241
LUNES,6/05/2019,,,178
MARTES,7/05/2019,,,235
MIÉRCOLES,8/05/2019,,,231
JUEVES,9/05/2019,,,231
VIERNES,10/05/2019,,,345
SÁBADO,11/05/2019,,,427
DOMINGO,12/05/2019,,,276
LUNES,13/05/2019,,,211
MARTES,14/05/2019,,,208
MIÉRCOLES,15/05/2019,,,208
JUEVES,16/05/2019,,,230
VIERNES,17/05/2019,,,345
SÁBADO,18/05/2019,,,384
DOMINGO,19/05/2019,,,256
LUNES,20/05/2019,,,236
MARTES,21/05/2019,,,215
MIÉRCOLES,22/05/2019,,,226
JUEVES,23/05/2019,,,288
VIERNES,24/05/2019,,,280
SÁBADO,25/05/2019,,,352
DOMINGO,26/05/2019,,,188
LUNES,27/05/2019,,,205
MARTES,28/05/2019,,,184
MIÉRCOLES,29/05/2019,,,199
JUEVES,30/05/2019,,,248
VIERNES,31/05/2019,,,271
SÁBADO,1/06/2019,,,170
DOMINGO,2/06/2019,,,162
LUNES,3/06/2019,,,228
MARTES,4/06/2019,,,235
MIÉRCOLES,5/06/2019,,,261
JUEVES,6/06/2019,,,271
VIERNES,7/06/2019,,,298
SÁBADO,8/06/2019,,,384
DOMINGO,9/06/2019,,,228
LUNES,10/06/2019,,,243
MARTES,11/06/2019,,,239
MIÉRCOLES,12/06/2019,,,244
JUEVES,13/06/2019,,,281
VIERNES,14/06/2019,,,268
SÁBADO,15/06/2019,,,395
DOMINGO,16/06/2019,,,216
LUNES,17/06/2019,,,175
MARTES,18/06/2019,,,172
MIÉRCOLES,19/06/2019,,,246
JUEVES,20/06/2019,,,254
VIERNES,21/06/2019,,,258
SÁBADO,22/06/2019,,,288
DOMINGO,23/06/2019,,,208
LUNES,24/06/2019,,,170
MARTES,25/06/2019,,,199
MIÉRCOLES,26/06/2019,,,283
JUEVES,27/06/2019,,,241
VIERNES,28/06/2019,,,252
SÁBADO,29/06/2019,,,253
DOMINGO,30/06/2019,,,170
LUNES,1/07/2019,,,232
MARTES,2/07/2019,,,198
MIÉRCOLES,3/07/2019,,,311
JUEVES,4/07/2019,,,266
VIERNES,5/07/2019,,,277
SÁBADO,6/07/2019,,,300
DOMINGO,7/07/2019,,,164
LUNES,8/07/2019,,,246
MARTES,9/07/2019,,,213
MIÉRCOLES,10/07/2019,,,218
JUEVES,11/07/2019,,,196
VIERNES,12/07/2019,,,220
SÁBADO,13/07/2019,,,254
DOMINGO,14/07/2019,,,209
LUNES,15/07/2019,,,187
MARTES,16/07/2019,,,212
MIÉRCOLES,17/07/2019,,,258
JUEVES,18/07/2019,,,231
VIERNES,19/07/2019,,,244
SÁBADO,20/07/2019,,,206
DOMINGO,21/07/2019,,,150
LUNES,22/07/2019,,,137
MARTES,23/07/2019,,,154
MIÉRCOLES,24/07/2019,,,206
JUEVES,25/07/2019,,,181
VIERNES,26/07/2019,,,234
SÁBADO,27/07/2019,,,242
DOMINGO,28/07/2019,,,117
LUNES,29/07/2019,,,154
MARTES,30/07/2019,,,115
MIÉRCOLES,31/07/2019,,,163
JUEVES,1/08/2019,,,215
VIERNES,2/08/2019,,,215
SÁBADO,3/08/2019,,,215
DOMINGO,4/08/2019,,,164
LUNES,5/08/2019,,,173
MARTES,6/08/2019,,,192
MIÉRCOLES,7/08/2019,,,277
JUEVES,8/08/2019,,,269
VIERNES,9/08/2019,,,222
SÁBADO,10/08/2019,,,228
DOMINGO,11/08/2019,,,169
LUNES,12/08/2019,,,229
MARTES,13/08/2019,,,214
MIÉRCOLES,14/08/2019,,,168
JUEVES,15/08/2019,,,181
VIERNES,16/08/2019,,,241
SÁBADO,17/08/2019,,,215
DOMINGO,18/08/2019,,,124
LUNES,19/08/2019,,,149
MARTES,20/08/2019,,,186
MIÉRCOLES,21/08/2019,,,238
JUEVES,22/08/2019,,,197
VIERNES,23/08/2019,,,245
SÁBADO,24/08/2019,,,218
DOMINGO,25/08/2019,,,131
LUNES,26/08/2019,,,187
MARTES,27/08/2019,,,258
MIÉRCOLES,28/08/2019,,,240
JUEVES,29/08/2019,,,193
VIERNES,30/08/2019,,,253
SÁBADO,31/08/2019,,,264
DOMINGO,1/09/2019,,,162
LUNES,2/09/2019,,,164
MARTES,3/09/2019,,,169
MIÉRCOLES,4/09/2019,,,226
JUEVES,5/09/2019,,,259
VIERNES,6/09/2019,,,244
SÁBADO,7/09/2019,,,317
DOMINGO,8/09/2019,,,202
LUNES,9/09/2019,,,191
MARTES,10/09/2019,,,204
MIÉRCOLES,11/09/2019,,,323
JUEVES,12/09/2019,,,266
VIERNES,13/09/2019,,,239
SÁBADO,14/09/2019,,,289
DOMINGO,15/09/2019,,,165
LUNES,16/09/2019,,,225
MARTES,17/09/2019,,,188
MIÉRCOLES,18/09/2019,,,212
JUEVES,19/09/2019,,,238
VIERNES,20/09/2019,,,287
SÁBADO,21/09/2019,,,406
DOMINGO,22/09/2019,,,245
LUNES,23/09/2019,,,206
MARTES,24/09/2019,,,245
MIÉRCOLES,25/09/2019,,,239
JUEVES,26/09/2019,,,288
VIERNES,27/09/2019,,,375
SÁBADO,28/09/2019,,,390
DOMINGO,29/09/2019,,,324
LUNES,30/09/2019,,,216
MARTES,1/10/2019,,,183
MIÉRCOLES,2/10/2019,,,231
JUEVES,3/10/2019,,,240
VIERNES,4/10/2019,,,349
SÁBADO,5/10/2019,,,458
DOMINGO,6/10/2019,,,254
LUNES,7/10/2019,,,223
MARTES,8/10/2019,,,220
MIÉRCOLES,9/10/2019,,,245
JUEVES,10/10/2019,,,295
VIERNES,11/10/2019,,,299
SÁBADO,12/10/2019,,,442
DOMINGO,13/10/2019,,,248
LUNES,14/10/2019,,,207
MARTES,15/10/2019,,,225
MIÉRCOLES,16/10/2019,,,197
JUEVES,17/10/2019,,,240
VIERNES,18/10/2019,,,379
SÁBADO,19/10/2019,,,454
DOMINGO,20/10/2019,,,294
LUNES,21/10/2019,,,267
MARTES,22/10/2019,,,288
MIÉRCOLES,23/10/2019,,,244
JUEVES,24/10/2019,,,243
VIERNES,25/10/2019,,,293
SÁBADO,26/10/2019,,,482
DOMINGO,27/10/2019,,,237
LUNES,28/10/2019,,,276
MARTES,29/10/2019,,,200
MIÉRCOLES,30/10/2019,,,250
JUEVES,31/10/2019,,,283
VIERNES,1/11/2019,,,454
SÁBADO,2/11/2019,,,496
DOMINGO,3/11/2019,,,237
LUNES,4/11/2019,,,236
MARTES,5/11/2019,,,213
MIÉRCOLES,6/11/2019,,,264
JUEVES,7/11/2019,,,257
VIERNES,8/11/2019,,,355
SÁBADO,9/11/2019,,,461
DOMINGO,10/11/2019,,,174
LUNES,11/11/2019,,,235
MARTES,12/11/2019,,,202
MIÉRCOLES,13/11/2019,,,252
JUEVES,14/11/2019,,,240
VIERNES,15/11/2019,,,398
SÁBADO,16/11/2019,,,509
DOMINGO,17/11/2019,,,226
LUNES,18/11/2019,,,247
MARTES,19/11/2019,,,229
MIÉRCOLES,20/11/2019,,,210
JUEVES,21/11/2019,,,241
VIERNES,22/11/2019,,,356
SÁBADO,23/11/2019,,,519
DOMINGO,24/11/2019,,,341
LUNES,25/11/2019,,,293
MARTES,26/11/2019,,,203
MIÉRCOLES,27/11/2019,,,301
JUEVES,28/11/2019,,,344
VIERNES,29/11/2019,,,491
SÁBADO,30/11/2019,,,523
DOMINGO,1/12/2019,,,268
LUNES,2/12/2019,,,324
MARTES,3/12/2019,,,294
MIÉRCOLES,4/12/2019,,,240
JUEVES,5/12/2019,,,311
VIERNES,6/12/2019,,,464
SÁBADO,7/12/2019,,,537
DOMINGO,8/12/2019,,,394
LUNES,9/12/2019,,,294
MARTES,10/12/2019,,,286
MIÉRCOLES,11/12/2019,,,291
JUEVES,12/12/2019,,,326
VIERNES,13/12/2019,,,420
SÁBADO,14/12/2019,,,518
DOMINGO,15/12/2019,,,306
LUNES,16/12/2019,,,250
MARTES,17/12/2019,,,293
MIÉRCOLES,18/12/2019,,,297
JUEVES,19/12/2019,,,236
VIERNES,20/12/2019,,,279
SÁBADO,21/12/2019,,,445
DOMINGO,22/12/2019,,,321
LUNES,23/12/2019,,,341
MARTES,24/12/2019,,,84
MIÉRCOLES,25/12/2019,,,0
JUEVES,26/12/2019,,,391
VIERNES,27/12/2019,,,492
SÁBADO,28/12/2019,,,461
DOMINGO,29/12/2019,,,402
LUNES,30/12/2019,,,412
MARTES,31/12/2019,,,112
SÁBADO,1/01/2022,32,55,87
DOMINGO,2/01/2022,102,37,139
LUNES,3/01/2022,124,0,124
MARTES,4/01/2022,117,0,117
MIÉRCOLES,5/01/2022,98,19,117
JUEVES,6/01/2022,66,31,97
VIERNES,7/01/2022,122,44,166
SÁBADO,8/01/2022,105,80,185
DOMINGO,9/01/2022,62,18,80
LUNES,10/01/2022,71,0,71
MARTES,11/01/2022,87,0,87
MIÉRCOLES,12/01/2022,46,19,65
JUEVES,13/01/2022,64,18,82
VIERNES,14/01/2022,45,44,89
SÁBADO,15/01/2022,92,72,164
DOMINGO,16/01/2022,72,26,98
LUNES,17/01/2022,82,0,82
MARTES,18/01/2022,76,0,76
MIÉRCOLES,19/01/2022,71,39,110
JUEVES,20/01/2022,73,41,114
VIERNES,21/01/2022,88,85,173
SÁBADO,22/01/2022,117,79,196
DOMINGO,23/01/2022,87,16,103
LUNES,24/01/2022,71,0,71
MARTES,25/01/2022,82,0,82
MIÉRCOLES,26/01/2022,88,11,99
JUEVES,27/01/2022,94,21,115
VIERNES,28/01/2022,99,59,158
SÁBADO,29/01/2022,109,75,184
DOMINGO,30/01/2022,89,28,117
LUNES,31/01/2022,73,0,73
MARTES,1/02/2022,90,0,90
MIÉRCOLES,2/02/2022,71,26,97
JUEVES,3/02/2022,68,18,86
VIERNES,4/02/2022,74,70,144
SÁBADO,5/02/2022,103,86,189
DOMINGO,6/02/2022,85,27,112
LUNES,7/02/2022,100,0,100
MARTES,8/02/2022,82,0,82
MIÉRCOLES,9/02/2022,83,24,107
JUEVES,10/02/2022,98,29,127
VIERNES,11/02/2022,77,51,128
SÁBADO,12/02/2022,93,83,176
DOMINGO,13/02/2022,90,33,123
LUNES,14/02/2022,111,44,155
MARTES,15/02/2022,104,0,104
MIÉRCOLES,16/02/2022,97,11,108
JUEVES,17/02/2022,101,25,126
VIERNES,18/02/2022,90,70,160
SÁBADO,19/02/2022,109,72,181
DOMINGO,20/02/2022,92,0,92
LUNES,21/02/2022,85,0,85
MARTES,22/02/2022,89,0,89
MIÉRCOLES,23/02/2022,101,25,126
JUEVES,24/02/2022,110,18,128
VIERNES,25/02/2022,110,76,186
SÁBADO,26/02/2022,112,94,206
DOMINGO,27/02/2022,97,48,145
LUNES,28/02/2022,113,0,113
MARTES,1/03/2022,130,0,130
MIÉRCOLES,2/03/2022,82,19,101
JUEVES,3/03/2022,129,17,146
VIERNES,4/03/2022,121,86,207
SÁBADO,5/03/2022,120,91,211
DOMINGO,6/03/2022,131,21,152
LUNES,7/03/2022,84,0,84
MARTES,8/03/2022,115,0,115
MIÉRCOLES,9/03/2022,134,0,134
JUEVES,10/03/2022,118,36,154
VIERNES,11/03/2022,134,70,204
SÁBADO,12/03/2022,132,98,230
DOMINGO,13/03/2022,110,28,138
LUNES,14/03/2022,83,0,83
MARTES,15/03/2022,113,0,113
MIÉRCOLES,16/03/2022,112,27,139
JUEVES,17/03/2022,113,46,159
VIERNES,18/03/2022,102,84,186
SÁBADO,19/03/2022,130,112,242
DOMINGO,20/03/2022,114,14,128
LUNES,21/03/2022,103,0,103
MARTES,22/03/2022,91,0,91
MIÉRCOLES,23/03/2022,91,28,119
JUEVES,24/03/2022,138,35,173
VIERNES,25/03/2022,99,82,181
SÁBADO,26/03/2022,139,113,252
DOMINGO,27/03/2022,119,32,151
LUNES,28/03/2022,61,0,61
MARTES,29/03/2022,78,21,99
MIÉRCOLES,30/03/2022,124,44,168
JUEVES,31/03/2022,124,12,136
VIERNES,1/04/2022,92,92,184
SÁBADO,2/04/2022,140,132,272
DOMINGO,3/04/2022,140,28,168
LUNES,4/04/2022,125,26,151
MARTES,5/04/2022,135,42,177
MIÉRCOLES,6/04/2022,140,19,159
JUEVES,7/04/2022,110,16,126
VIERNES,8/04/2022,112,68,180
SÁBADO,9/04/2022,132,93,225
DOMINGO,10/04/2022,130,46,176
LUNES,11/04/2022,103,52,155
MARTES,12/04/2022,143,50,193
MIÉRCOLES,13/04/2022,117,44,161
JUEVES,14/04/2022,90,92,182
VIERNES,15/04/2022,134,86,220
SÁBADO,16/04/2022,127,116,243
DOMINGO,17/04/2022,0,123,123
LUNES,18/04/2022,122,25,147
MARTES,19/04/2022,123,45,168
MIÉRCOLES,20/04/2022,161,28,189
JUEVES,21/04/2022,128,59,187
VIERNES,22/04/2022,103,95,198
SÁBADO,23/04/2022,178,143,321
DOMINGO,24/04/2022,115,35,150
LUNES,25/04/2022,99,60,159
MARTES,26/04/2022,104,29,133
MIÉRCOLES,27/04/2022,113,50,163
JUEVES,28/04/2022,90,28,118
VIERNES,29/04/2022,118,65,183
SÁBADO,30/04/2022,145,121,266
DOMINGO,1/05/2022,135,59,194
LUNES,2/05/2022,127,10,137
MARTES,3/05/2022,116,24,140
MIÉRCOLES,4/05/2022,136,9,145
JUEVES,5/05/2022,76,23,99
VIERNES,6/05/2022,97,76,173
SÁBADO,7/05/2022,136,128,264
DOMINGO,8/05/2022,96,19,115
LUNES,9/05/2022,111,49,160
MARTES,10/05/2022,85,38,123
MIÉRCOLES,11/05/2022,127,41,168
JUEVES,12/05/2022,108,25,133
VIERNES,13/05/2022,111,72,183
SÁBADO,14/05/2022,109,89,198
DOMINGO,15/05/2022,140,48,188
LUNES,16/05/2022,0,61,61
MARTES,17/05/2022,106,21,127
MIÉRCOLES,18/05/2022,125,34,159
JUEVES,19/05/2022,127,36,163
VIERNES,20/05/2022,86,80,166
SÁBADO,21/05/2022,171,145,316
DOMINGO,22/05/2022,0,154,154
LUNES,23/05/2022,77,19,96
MARTES,24/05/2022,108,72,180
MIÉRCOLES,25/05/2022,178,39,217
JUEVES,26/05/2022,100,16,116
VIERNES,27/05/2022,85,65,150
SÁBADO,28/05/2022,96,46,142
DOMINGO,29/05/2022,98,30,128
LUNES,30/05/2022,132,25,157
MARTES,31/05/2022,140,85,225
MIÉRCOLES,1/06/2022,102,18,120
JUEVES,2/06/2022,101,38,139
VIERNES,3/06/2022,77,61,138
SÁBADO,4/06/2022,138,135,273
DOMINGO,5/06/2022,96,27,123
LUNES,6/06/2022,93,48,141
MARTES,7/06/2022,108,20,128
MIÉRCOLES,8/06/2022,130,53,183
JUEVES,9/06/2022,115,40,155
VIERNES,10/06/2022,138,83,221
SÁBADO,11/06/2022,97,107,204
DOMINGO,12/06/2022,97,30,127
LUNES,13/06/2022,95,27,122
MARTES,14/06/2022,135,52,187
MIÉRCOLES,15/06/2022,115,23,138
JUEVES,16/06/2022,91,15,106
VIERNES,17/06/2022,104,86,190
SÁBADO,18/06/2022,102,100,202
DOMINGO,19/06/2022,80,34,114
LUNES,20/06/2022,90,22,112
MARTES,21/06/2022,113,60,173
MIÉRCOLES,22/06/2022,111,29,140
JUEVES,23/06/2022,101,14,115
VIERNES,24/06/2022,107,109,216
SÁBADO,25/06/2022,129,123,252
DOMINGO,26/06/2022,115,19,134
LUNES,27/06/2022,102,40,142
MARTES,28/06/2022,66,17,83
MIÉRCOLES,29/06/2022,92,15,107
JUEVES,30/06/2022,70,43,113
VIERNES,1/07/2022,88,67,155
SÁBADO,2/07/2022,81,96,177
DOMINGO,3/07/2022,120,25,145
LUNES,4/07/2022,102,10,112
MARTES,5/07/2022,101,49,150
MIÉRCOLES,6/07/2022,132,20,152
JUEVES,7/07/2022,101,47,148
VIERNES,8/07/2022,120,55,175
SÁBADO,9/07/2022,82,71,153
DOMINGO,10/07/2022,90,48,138
LUNES,11/07/2022,96,27,123
MARTES,12/07/2022,108,52,160
MIÉRCOLES,13/07/2022,85,81,166
JUEVES,14/07/2022,94,33,127
VIERNES,15/07/2022,87,91,178
SÁBADO,16/07/2022,94,64,158
DOMINGO,17/07/2022,65,24,89
LUNES,18/07/2022,97,29,126
MARTES,19/07/2022,81,27,108
MIÉRCOLES,20/07/2022,88,64,152
JUEVES,21/07/2022,85,14,99
VIERNES,22/07/2022,60,87,147
SÁBADO,23/07/2022,90,62,152
DOMINGO,24/07/2022,58,77,135
LUNES,25/07/2022,47,30,77
MARTES,26/07/2022,77,22,99
MIÉRCOLES,27/07/2022,58,16,74
JUEVES,28/07/2022,81,47,128
VIERNES,29/07/2022,83,69,152
SÁBADO,30/07/2022,75,75,150
DOMINGO,31/07/2022,61,49,110
LUNES,1/08/2022,64,20,84
MARTES,2/08/2022,88,56,144
MIÉRCOLES,3/08/2022,120,58,178
JUEVES,4/08/2022,87,55,142
VIERNES,5/08/2022,91,63,154
SÁBADO,6/08/2022,69,63,132
DOMINGO,7/08/2022,68,29,97
LUNES,8/08/2022,99,16,115
MARTES,9/08/2022,77,42,119
MIÉRCOLES,10/08/2022,101,23,124
JUEVES,11/08/2022,78,36,114
VIERNES,12/08/2022,78,51,129
SÁBADO,13/08/2022,79,74,153
DOMINGO,14/08/2022,70,22,92
LUNES,15/08/2022,76,27,103
MARTES,16/08/2022,91,33,124
MIÉRCOLES,17/08/2022,41,31,72
JUEVES,18/08/2022,83,26,109
VIERNES,19/08/2022,72,46,118
SÁBADO,20/08/2022,50,66,116
DOMINGO,21/08/2022,69,28,97
LUNES,22/08/2022,70,40,110
MARTES,23/08/2022,94,18,112
MIÉRCOLES,24/08/2022,90,35,125
JUEVES,25/08/2022,83,83,166
VIERNES,26/08/2022,78,45,123
SÁBADO,27/08/2022,95,70,165
DOMINGO,28/08/2022,64,37,101
LUNES,29/08/2022,65,46,111
MARTES,30/08/2022,91,32,123
MIÉRCOLES,31/08/2022,111,21,132
JUEVES,1/09/2022,87,39,126
VIERNES,2/09/2022,107,104,211
SÁBADO,3/09/2022,124,114,238
DOMINGO,4/09/2022,89,31,120
LUNES,5/09/2022,121,27,148
MARTES,6/09/2022,98,12,110
MIÉRCOLES,7/09/2022,106,43,149
JUEVES,8/09/2022,142,33,175
VIERNES,9/09/2022,120,70,190
SÁBADO,10/09/2022,118,89,207
DOMINGO,11/09/2022,77,33,110
LUNES,12/09/2022,87,10,97
MARTES,13/09/2022,101,13,114
MIÉRCOLES,14/09/2022,115,2,117
JUEVES,15/09/2022,102,48,150
VIERNES,16/09/2022,112,82,194
SÁBADO,17/09/2022,53,80,133
DOMINGO,18/09/2022,89,16,105
LUNES,19/09/2022,118,20,138
MARTES,20/09/2022,88,27,115
MIÉRCOLES,21/09/2022,124,13,137
JUEVES,22/09/2022,114,38,152
VIERNES,23/09/2022,94,73,167
SÁBADO,24/09/2022,108,120,228
DOMINGO,25/09/2022,127,53,180
LUNES,26/09/2022,108,31,139
MARTES,27/09/2022,112,17,129
MIÉRCOLES,28/09/2022,134,66,200
JUEVES,29/09/2022,134,32,166
VIERNES,30/09/2022,124,103,227
SÁBADO,1/10/2022,127,105,232
DOMINGO,2/10/2022,124,17,141
LUNES,3/10/2022,129,41,170
MARTES,4/10/2022,101,42,143
MIÉRCOLES,5/10/2022,110,69,179
JUEVES,6/10/2022,142,30,172
VIERNES,7/10/2022,122,101,223
SÁBADO,8/10/2022,132,107,239
DOMINGO,9/10/2022,128,37,165
LUNES,10/10/2022,102,18,120
MARTES,11/10/2022,152,60,212
MIÉRCOLES,12/10/2022,149,18,167
JUEVES,13/10/2022,106,30,136
VIERNES,14/10/2022,130,80,210
SÁBADO,15/10/2022,127,108,235
DOMINGO,16/10/2022,99,36,135
LUNES,17/10/2022,111,29,140
MARTES,18/10/2022,137,28,165
MIÉRCOLES,19/10/2022,117,25,142
JUEVES,20/10/2022,121,33,154
VIERNES,21/10/2022,119,84,203
SÁBADO,22/10/2022,108,85,193
DOMINGO,23/10/2022,108,50,158
LUNES,24/10/2022,135,39,174
MARTES,25/10/2022,105,38,143
MIÉRCOLES,26/10/2022,139,31,170
JUEVES,27/10/2022,126,39,165
VIERNES,28/10/2022,115,52,167
SÁBADO,29/10/2022,110,116,226
DOMINGO,30/10/2022,99,24,123
LUNES,31/10/2022,174,128,302
MARTES,1/11/2022,128,36,164
MIÉRCOLES,2/11/2022,98,18,116
JUEVES,3/11/2022,120,88,208
VIERNES,4/11/2022,138,86,224
SÁBADO,5/11/2022,112,115,227
DOMINGO,6/11/2022,101,9,110
LUNES,7/11/2022,104,17,121
MARTES,8/11/2022,0,40,40
MIÉRCOLES,9/11/2022,112,112,224
JUEVES,10/11/2022,111,33,144
VIERNES,11/11/2022,137,106,243
SÁBADO,12/11/2022,122,122,244
DOMINGO,13/11/2022,138,37,175
LUNES,14/11/2022,123,25,148
MARTES,15/11/2022,108,25,133
MIÉRCOLES,16/11/2022,131,41,172
JUEVES,17/11/2022,122,45,167
VIERNES,18/11/2022,135,77,212
SÁBADO,19/11/2022,118,120,238
DOMINGO,20/11/2022,107,21,128
LUNES,21/11/2022,81,20,101
MARTES,22/11/2022,122,122,244
MIÉRCOLES,23/11/2022,112,9,121
JUEVES,24/11/2022,0,46,46
VIERNES,25/11/2022,137,90,227
SÁBADO,26/11/2022,137,77,214
DOMINGO,27/11/2022,112,29,141
LUNES,28/11/2022,111,20,131
MARTES,29/11/2022,121,28,149
MIÉRCOLES,30/11/2022,131,35,166
JUEVES,1/12/2022,130,24,154
VIERNES,2/12/2022,114,21,135
SÁBADO,3/12/2022,56,70,126
DOMINGO,4/12/2022,70,40,110
LUNES,5/12/2022,99,36,135
MARTES,6/12/2022,46,26,72
MIÉRCOLES,7/12/2022,101,19,120
JUEVES,8/12/2022,52,15,67
VIERNES,9/12/2022,122,60,182
SÁBADO,10/12/2022,67,86,153
DOMINGO,11/12/2022,96,28,124
LUNES,12/12/2022,81,8,89
MARTES,13/12/2022,107,10,117
MIÉRCOLES,14/12/2022,150,26,176
JUEVES,15/12/2022,98,36,134
VIERNES,16/12/2022,124,67,191
SÁBADO,17/12/2022,104,116,220
DOMINGO,18/12/2022,69,26,95
LUNES,19/12/2022,138,33,171
MARTES,20/12/2022,127,22,149
MIÉRCOLES,21/12/2022,130,21,151
JUEVES,22/12/2022,108,49,157
VIERNES,23/12/2022,106,56,162
SÁBADO,24/12/2022,64,53,117
DOMINGO,25/12/2022,21,0,21
LUNES,26/12/2022,103,41,144
MARTES,27/12/2022,158,25,183
MIÉRCOLES,28/12/2022,144,36,180
JUEVES,29/12/2022,135,40,175
VIERNES,30/12/2022,147,74,221
SÁBADO,31/12/2022,67,0,67
DOMINGO,1/01/2023,25,0,25
LUNES,2/01/2023,104,40,144
MARTES,3/01/2023,150,50,200
MIÉRCOLES,4/01/2023,179,56,235
JUEVES,5/01/2023,129,71,200
VIERNES,6/01/2023,111,62,173
SÁBADO,7/01/2023,106,86,192
DOMINGO,8/01/2023,92,8,100
LUNES,9/01/2023,131,23,154
MARTES,10/01/2023,118,22,140
MIÉRCOLES,11/01/2023,129,34,163
JUEVES,12/01/2023,107,30,137
VIERNES,13/01/2023,126,90,216
SÁBADO,14/01/2023,142,107,249
DOMINGO,15/01/2023,126,15,141
LUNES,16/01/2023,82,21,103
MARTES,17/01/2023,87,24,111
MIÉRCOLES,18/01/2023,134,59,193
JUEVES,19/01/2023,106,55,161
VIERNES,20/01/2023,142,94,236
SÁBADO,21/01/2023,122,107,229
DOMINGO,22/01/2023,87,32,119
LUNES,23/01/2023,99,26,125
MARTES,24/01/2023,110,13,123
MIÉRCOLES,25/01/2023,114,23,137
JUEVES,26/01/2023,121,21,142
VIERNES,27/01/2023,145,99,244
SÁBADO,28/01/2023,136,107,243
DOMINGO,29/01/2023,97,14,111
LUNES,30/01/2023,129,14,143
MARTES,31/01/2023,100,22,122
MIÉRCOLES,1/02/2023,112,19,131
JUEVES,2/02/2023,125,29,154
VIERNES,3/02/2023,129,83,212
SÁBADO,4/02/2023,117,107,224
DOMINGO,5/02/2023,106,24,130
LUNES,6/02/2023,96,17,113
MARTES,7/02/2023,121,17,138
MIÉRCOLES,8/02/2023,112,15,127
JUEVES,9/02/2023,123,45,168
VIERNES,10/02/2023,116,113,229
SÁBADO,11/02/2023,133,113,246
DOMINGO,12/02/2023,105,28,133
LUNES,13/02/2023,79,21,100
MARTES,14/02/2023,102,38,140
MIÉRCOLES,15/02/2023,98,41,139
JUEVES,16/02/2023,110,26,136
VIERNES,17/02/2023,101,85,186
SÁBADO,18/02/2023,118,108,226
DOMINGO,19/02/2023,103,38,141
LUNES,20/02/2023,115,15,130
MARTES,21/02/2023,98,45,143
MIÉRCOLES,22/02/2023,116,31,147
JUEVES,23/02/2023,116,37,153
VIERNES,24/02/2023,132,93,225
SÁBADO,25/02/2023,126,127,253
DOMINGO,26/02/2023,101,30,131
LUNES,27/02/2023,93,21,114
MARTES,28/02/2023,134,7,141
MIÉRCOLES,1/03/2023,140,25,165
JUEVES,2/03/2023,124,29,153
VIERNES,3/03/2023,135,84,219
SÁBADO,4/03/2023,149,123,272
DOMINGO,5/03/2023,104,24,128
LUNES,6/03/2023,74,26,100
MARTES,7/03/2023,115,37,152
MIÉRCOLES,8/03/2023,85,62,147
JUEVES,9/03/2023,124,17,141
VIERNES,10/03/2023,108,67,175
SÁBADO,11/03/2023,118,125,243
DOMINGO,12/03/2023,115,11,126
LUNES,13/03/2023,102,27,129
MARTES,14/03/2023,103,42,145
MIÉRCOLES,15/03/2023,98,40,138
JUEVES,16/03/2023,123,32,155
VIERNES,17/03/2023,125,116,241
SÁBADO,18/03/2023,121,141,262
DOMINGO,19/03/2023,125,60,185
LUNES,20/03/2023,108,36,144
MARTES,21/03/2023,99,86,185
MIÉRCOLES,22/03/2023,104,14,118
JUEVES,23/03/2023,109,20,129
VIERNES,24/03/2023,114,111,225
SÁBADO,25/03/2023,114,123,237
DOMINGO,26/03/2023,105,77,182
LUNES,27/03/2023,71,20,91
MARTES,28/03/2023,108,23,131
MIÉRCOLES,29/03/2023,130,35,165
JUEVES,30/03/2023,124,33,157
VIERNES,31/03/2023,115,82,197
SÁBADO,1/04/2023,121,129,250
DOMINGO,2/04/2023,110,70,180
LUNES,3/04/2023,90,28,118
MARTES,4/04/2023,101,49,150
MIÉRCOLES,5/04/2023,117,30,147
JUEVES,6/04/2023,98,83,181
VIERNES,7/04/2023,90,99,189
SÁBADO,8/04/2023,107,73,180
DOMINGO,9/04/2023,59,39,98
LUNES,10/04/2023,98,6,104
MARTES,11/04/2023,88,43,131
MIÉRCOLES,12/04/2023,105,33,138
JUEVES,13/04/2023,104,16,120
VIERNES,14/04/2023,120,103,223
SÁBADO,15/04/2023,95,83,178
DOMINGO,16/04/2023,0,0,0
LUNES,17/04/2023,91,37,128
MARTES,18/04/2023,88,18,106
MIÉRCOLES,19/04/2023,95,15,110
JUEVES,20/04/2023,88,28,116
VIERNES,21/04/2023,93,96,189
SÁBADO,22/04/2023,131,95,226
DOMINGO,23/04/2023,82,26,108
LUNES,24/04/2023,110,26,136
MARTES,25/04/2023,93,41,134
MIÉRCOLES,26/04/2023,88,18,106
JUEVES,27/04/2023,74,39,113
VIERNES,28/04/2023,86,71,157
SÁBADO,29/04/2023,81,107,188
DOMINGO,30/04/2023,101,40,141
LUNES,1/05/2023,86,32,118
MARTES,2/05/2023,60,11,71
MIÉRCOLES,3/05/2023,75,47,122
JUEVES,4/05/2023,60,20,80
VIERNES,5/05/2023,47,56,103
SÁBADO,6/05/2023,98,100,198
DOMINGO,7/05/2023,65,41,106
LUNES,8/05/2023,68,30,98
MARTES,9/05/2023,81,11,92
MIÉRCOLES,10/05/2023,73,65,138
JUEVES,11/05/2023,82,23,105
VIERNES,12/05/2023,80,54,134
SÁBADO,13/05/2023,77,58,135
DOMINGO,14/05/2023,80,19,99
LUNES,15/05/2023,59,25,84
MARTES,16/05/2023,81,24,105
MIÉRCOLES,17/05/2023,103,60,163
JUEVES,18/05/2023,86,33,119
VIERNES,19/05/2023,92,70,162
SÁBADO,20/05/2023,69,63,132
DOMINGO,21/05/2023,84,33,117
LUNES,22/05/2023,86,30,116
MARTES,23/05/2023,78,27,105
MIÉRCOLES,24/05/2023,78,36,114
JUEVES,25/05/2023,85,26,111
VIERNES,26/05/2023,85,63,148
SÁBADO,27/05/2023,93,94,187
DOMINGO,28/05/2023,81,35,116
LUNES,29/05/2023,78,38,116
MARTES,30/05/2023,71,21,92
MIÉRCOLES,31/05/2023,77,28,105
JUEVES,1/06/2023,107,29,136
VIERNES,2/06/2023,70,69,139
SÁBADO,3/06/2023,88,82,170
DOMINGO,4/06/2023,81,32,113
LUNES,5/06/2023,75,36,111
MARTES,6/06/2023,124,44,168
MIÉRCOLES,7/06/2023,94,32,126
JUEVES,8/06/2023,84,27,111
VIERNES,9/06/2023,82,59,141
SÁBADO,10/06/2023,143,82,225
DOMINGO,11/06/2023,65,29,94
LUNES,12/06/2023,92,22,114
MARTES,13/06/2023,91,49,140
MIÉRCOLES,14/06/2023,118,22,140
JUEVES,15/06/2023,95,13,108
VIERNES,16/06/2023,76,63,139
SÁBADO,17/06/2023,90,78,168
DOMINGO,18/06/2023,74,25,99
LUNES,19/06/2023,70,35,105
MARTES,20/06/2023,74,28,102
MIÉRCOLES,21/06/2023,73,27,100
JUEVES,22/06/2023,99,23,122
VIERNES,23/06/2023,68,78,146
SÁBADO,24/06/2023,79,93,172
DOMINGO,25/06/2023,70,30,100
LUNES,26/06/2023,71,51,122
MARTES,27/06/2023,91,60,151
MIÉRCOLES,28/06/2023,82,30,112
JUEVES,29/06/2023,80,16,96
VIERNES,30/06/2023,82,72,154
SÁBADO,1/07/2023,82,40,122
DOMINGO,2/07/2023,94,28,122
LUNES,3/07/2023,106,48,154
MARTES,4/07/2023,82,44,126
MIÉRCOLES,5/07/2023,70,22,92
JUEVES,6/07/2023,86,26,112
VIERNES,7/07/2023,61,44,105
SÁBADO,8/07/2023,99,94,193
DOMINGO,9/07/2023,33,40,73
LUNES,10/07/2023,112,15,127
MARTES,11/07/2023,81,42,123
MIÉRCOLES,12/07/2023,113,11,124
JUEVES,13/07/2023,90,29,119
VIERNES,14/07/2023,80,48,128
SÁBADO,15/07/2023,84,68,152
DOMINGO,16/07/2023,40,12,52
LUNES,17/07/2023,66,24,90
MARTES,18/07/2023,82,11,93
MIÉRCOLES,19/07/2023,87,46,133
JUEVES,20/07/2023,93,36,129
VIERNES,21/07/2023,53,59,112
SÁBADO,22/07/2023,62,62,124
DOMINGO,23/07/2023,29,22,51
LUNES,24/07/2023,77,16,93
MARTES,25/07/2023,92,40,132
MIÉRCOLES,26/07/2023,65,40,105
JUEVES,27/07/2023,90,16,106
VIERNES,28/07/2023,40,47,87
SÁBADO,29/07/2023,73,38,111
DOMINGO,30/07/2023,81,26,107
LUNES,31/07/2023,75,15,90
MARTES,1/08/2023,47,32,79
MIÉRCOLES,2/08/2023,80,21,101
JUEVES,3/08/2023,70,24,94
VIERNES,4/08/2023,74,29,103
SÁBADO,5/08/2023,71,69,140
DOMINGO,6/08/2023,64,40,104
LUNES,7/08/2023,72,50,122
MARTES,8/08/2023,83,45,128
MIÉRCOLES,9/08/2023,106,30,136
JUEVES,10/08/2023,63,35,98
VIERNES,11/08/2023,73,43,116
SÁBADO,12/08/2023,64,59,123
DOMINGO,13/08/2023,76,21,97
LUNES,14/08/2023,111,25,136
MARTES,15/08/2023,91,15,106
MIÉRCOLES,16/08/2023,104,16,120
JUEVES,17/08/2023,84,25,109
VIERNES,18/08/2023,82,29,111
SÁBADO,19/08/2023,67,73,140
DOMINGO,20/08/2023,47,40,87
LUNES,21/08/2023,75,21,96
MARTES,22/08/2023,103,26,129
MIÉRCOLES,23/08/2023,123,23,146
JUEVES,24/08/2023,121,20,141
VIERNES,25/08/2023,59,63,122
SÁBADO,26/08/2023,84,79,163
DOMINGO,27/08/2023,91,21,112
LUNES,28/08/2023,68,37,105
MARTES,29/08/2023,111,16,127
MIÉRCOLES,30/08/2023,107,59,166
JUEVES,31/08/2023,102,30,132
VIERNES,01/09/2023,68,69,137
SÁBADO,02/09/2023,101,70,171
DOMINGO,03/09/2023,74,8,82
LUNES,04/09/2023,66,12,78
MARTES,05/09/2023,81,24,105
MIÉRCOLES,06/09/2023,112,76,188
JUEVES,07/09/2023,81,35,116
VIERNES,08/09/2023,86,108,194
SÁBADO,09/09/2023,132,129,261
DOMINGO,10/09/2023,103,132,235
LUNES,11/09/2023,90,17,107
MARTES,12/09/2023,109,38,147
MIÉRCOLES,13/09/2023,96,84,180
JUEVES,14/09/2023,89,26,115
VIERNES,15/09/2023,59,49,108
SÁBADO,16/09/2023,106,99,205
DOMINGO,17/09/2023,89,37,126
LUNES,18/09/2023,77,22,99
MARTES,19/09/2023,91,21,112
MIÉRCOLES,20/09/2023,107,64,171
JUEVES,21/09/2023,97,45,142
VIERNES,22/09/2023,110,72,182
SÁBADO,23/09/2023,135,69,204
DOMINGO,24/09/2023,181,19,200
LUNES,25/09/2023,129,30,159
MARTES,26/09/2023,105,23,128
MIÉRCOLES,27/09/2023,80,107,187
JUEVES,28/09/2023,122,47,169
VIERNES,29/09/2023,134,114,248
SÁBADO,30/09/2023,148,108,256
DOMINGO,01/10/2023,111,18,129
LUNES,02/10/2023,80,40,120
MARTES,03/10/2023,98,37,135
MIÉRCOLES,04/10/2023,122,43,165
JUEVES,05/10/2023,131,22,153
VIERNES,06/10/2023,103,63,166
SÁBADO,07/10/2023,165,164,329
DOMINGO,08/10/2023,164,43,207
LUNES,09/10/2023,91,23,114
MARTES,10/10/2023,119,44,163
MIÉRCOLES,11/10/2023,89,40,129
JUEVES,12/10/2023,166,61,227
VIERNES,13/10/2023,173,96,269
SÁBADO,14/10/2023,217,127,344
DOMINGO,15/10/2023,123,26,149
LUNES,16/10/2023,89,45,134
MARTES,17/10/2023,105,35,140
MIÉRCOLES,18/10/2023,132,51,183
JUEVES,19/10/2023,79,74,153
VIERNES,20/10/2023,122,145,267
SÁBADO,21/10/2023,196,186,382
DOMINGO,22/10/2023,152,46,198