DÍA,FECHA,CLIENTES_AM,CLIENTES_PM,CLIENTES_TOTAL,VENTAS_AM,VENTAS_PM,VENTAS_TOTALES
MIÉRCOLES,2/01/2019,,,380,,,5324
JUEVES,3/01/2019,,,389,,,4983
VIERNES,4/01/2019,,,439,,,6165
SÁBADO,5/01/2019,,,280,,,5226
DOMINGO,6/01/2019,,,253,,,4594
LUNES,7/01/2019,,,259,,,4714
MARTES,8/01/2019,,,194,,,2551
MIÉRCOLES,9/01/2019,,,201,,,2868
JUEVES,10/01/2019,,,252,,,3507
VIERNES,11/01/2019,,,318,,,4822
SÁBADO,12/01/2019,,,528,,,10034
DOMINGO,13/01/2019,,,278,,,5186
LUNES,14/01/2019,,,202,,,2832
MARTES,15/01/2019,,,206,,,2762
MIÉRCOLES,16/01/2019,,,228,,,2836
JUEVES,17/01/2019,,,230,,,3295
VIERNES,18/01/2019,,,404,,,6311
SÁBADO,19/01/2019,,,522,,,10257
DOMINGO,20/01/2019,,,298,,,5191
LUNES,21/01/2019,,,203,,,2693
MARTES,22/01/2019,,,222,,,3185
MIÉRCOLES,23/01/2019,,,306,,,4541
JUEVES,24/01/2019,,,301,,,4397
VIERNES,25/01/2019,,,331,,,5163
SÁBADO,26/01/2019,,,569,,,10630
DOMINGO,27/01/2019,,,257,,,4871
LUNES,28/01/2019,,,204,,,2716
MARTES,29/01/2019,,,206,,,2826
MIÉRCOLES,30/01/2019,,,220,,,2971
JUEVES,31/01/2019,,,231,,,"3177,18"
VIERNES,1/02/2019,,,291,,,4419
SÁBADO,2/02/2019,,,466,,,9157
DOMINGO,3/02/2019,,,257,,,5088
LUNES,4/02/2019,,,164,,,2414
MARTES,5/02/2019,,,248,,,3484
MIÉRCOLES,6/02/2019,,,222,,,3086
JUEVES,7/02/2019,,,230,,,3062
VIERNES,8/02/2019,,,343,,,5289
SÁBADO,9/02/2019,,,493,,,9355
DOMINGO,10/02/2019,,,248,,,4824
LUNES,11/02/2019,,,193,,,2511
MARTES,12/02/2019,,,191,,,2661
MIÉRCOLES,13/02/2019,,,181,,,2807
JUEVES,14/02/2019,,,392,,,6032
VIERNES,15/02/2019,,,380,,,6235
SÁBADO,16/02/2019,,,492,,,9613
DOMINGO,17/02/2019,,,276,,,5460
LUNES,18/02/2019,,,235,,,3296
MARTES,19/02/2019,,,240,,,3247
MIÉRCOLES,20/02/2019,,,171,,,2201
JUEVES,21/02/2019,,,226,,,2937
VIERNES,22/02/2019,,,294,,,4538
SÁBADO,23/02/2019,,,483,,,9195
DOMINGO,24/02/2019,,,247,,,4708
LUNES,25/02/2019,,,253,,,3499
MARTES,26/02/2019,,,230,,,3206
MIÉRCOLES,27/02/2019,,,214,,,2883
JUEVES,28/02/2019,,,299,,,"3889,93"
VIERNES,1/03/2019,,,454,,,6507
SÁBADO,2/03/2019,,,449,,,8539
DOMINGO,3/03/2019,,,260,,,4935
LUNES,4/03/2019,,,293,,,3818
MARTES,5/03/2019,,,237,,,3136
MIÉRCOLES,6/03/2019,,,225,,,3113
JUEVES,7/03/2019,,,239,,,3221
VIERNES,8/03/2019,,,274,,,4020
SÁBADO,9/03/2019,,,395,,,7725
DOMINGO,10/03/2019,,,210,,,4004
LUNES,11/03/2019,,,168,,,2158
MARTES,12/03/2019,,,236,,,3411
MIÉRCOLES,13/03/2019,,,183,,,2659
JUEVES,14/03/2019,,,224,,,3333
VIERNES,15/03/2019,,,284,,,4551
SÁBADO,16/03/2019,,,475,,,8506
DOMINGO,17/03/2019,,,280,,,5425
LUNES,18/03/2019,,,244,,,3530
MARTES,19/03/2019,,,255,,,3264
MIÉRCOLES,20/03/2019,,,268,,,3876
JUEVES,21/03/2019,,,241,,,3219
VIERNES,22/03/2019,,,305,,,4599
SÁBADO,23/03/2019,,,463,,,8834
DOMINGO,24/03/2019,,,248,,,4928
LUNES,25/03/2019,,,214,,,2777
MARTES,26/03/2019,,,198,,,2633
MIÉRCOLES,27/03/2019,,,189,,,2589
JUEVES,28/03/2019,,,246,,,"3516,98"
VIERNES,29/03/2019,,,373,,,"5569,15"
SÁBADO,30/03/2019,,,473,,,"9195,55"
DOMINGO,31/03/2019,,,230,,,"4649,17"
LUNES,1/04/2019,,,151,,,"2128,14"
MARTES,2/04/2019,,,174,,,2336
MIÉRCOLES,3/04/2019,,,261,,,3607
JUEVES,4/04/2019,,,214,,,2910
VIERNES,5/04/2019,,,279,,,4379
SÁBADO,6/04/2019,,,493,,,9542
DOMINGO,7/04/2019,,,240,,,4675
LUNES,8/04/2019,,,220,,,3084
MARTES,9/04/2019,,,187,,,2373
MIÉRCOLES,10/04/2019,,,297,,,4644
JUEVES,11/04/2019,,,285,,,3741
VIERNES,12/04/2019,,,269,,,3918
SÁBADO,13/04/2019,,,434,,,8330
DOMINGO,14/04/2019,,,248,,,4735
LUNES,15/04/2019,,,257,,,3397
MARTES,16/04/2019,,,248,,,3763
MIÉRCOLES,17/04/2019,,,213,,,3130
JUEVES,18/04/2019,,,246,,,4679
VIERNES,19/04/2019,,,316,,,5980
SÁBADO,20/04/2019,,,389,,,7193
DOMINGO,21/04/2019,,,275,,,5059
LUNES,22/04/2019,,,239,,,3145
MARTES,23/04/2019,,,245,,,3391
MIÉRCOLES,24/04/2019,,,244,,,4094
JUEVES,25/04/2019,,,261,,,3509
VIERNES,26/04/2019,,,310,,,4809
SÁBADO,27/04/2019,,,367,,,7103
DOMINGO,28/04/2019,,,195,,,3595
LUNES,29/04/2019,,,177,,,2397
MARTES,30/04/2019,,,188,,,2477
MIÉRCOLES,1/05/2019,,,272,,,5050
JUEVES,2/05/2019,,,208,,,3836
VIERNES,3/05/2019,,,353,,,5072
SÁBADO,4/05/2019,,,312,,,6289
DOMINGO,5/05/2019,,,241,,,4554
LUNES,6/05/2019,,,178,,,2388
MARTES,7/05/2019,,,235,,,3287
MIÉRCOLES,8/05/2019,,,231,,,3181
JUEVES,9/05/2019,,,231,,,2994
VIERNES,10/05/2019,,,345,,,5550
SÁBADO,11/05/2019,,,427,,,8124
DOMINGO,12/05/2019,,,276,,,5073
LUNES,13/05/2019,,,211,,,2849
MARTES,14/05/2019,,,208,,,2791
MIÉRCOLES,15/05/2019,,,208,,,3807
JUEVES,16/05/2019,,,230,,,3094
VIERNES,17/05/2019,,,345,,,4931
SÁBADO,18/05/2019,,,384,,,7307
DOMINGO,19/05/2019,,,256,,,4645
LUNES,20/05/2019,,,236,,,3237
MARTES,21/05/2019,,,215,,,2778
MIÉRCOLES,22/05/2019,,,226,,,2930
JUEVES,23/05/2019,,,288,,,4081
VIERNES,24/05/2019,,,280,,,4192
SÁBADO,25/05/2019,,,352,,,6621
DOMINGO,26/05/2019,,,188,,,3424
LUNES,27/05/2019,,,205,,,2930
MARTES,28/05/2019,,,184,,,2547
MIÉRCOLES,29/05/2019,,,199,,,2578
JUEVES,30/05/2019,,,248,,,"3511,82"
VIERNES,31/05/2019,,,271,,,"4031,77"
SÁBADO,1/06/2019,,,170,,,3393
DOMINGO,2/06/2019,,,162,,,3108
LUNES,3/06/2019,,,228,,,3163
MARTES,4/06/2019,,,235,,,3221
MIÉRCOLES,5/06/2019,,,261,,,3636
JUEVES,6/06/2019,,,271,,,3819
VIERNES,7/06/2019,,,298,,,4195
SÁBADO,8/06/2019,,,384,,,7213
DOMINGO,9/06/2019,,,228,,,4647
LUNES,10/06/2019,,,243,,,3192
MARTES,11/06/2019,,,239,,,3316
MIÉRCOLES,12/06/2019,,,244,,,3316
JUEVES,13/06/2019,,,281,,,4060
VIERNES,14/06/2019,,,268,,,4200
SÁBADO,15/06/2019,,,395,,,7297
DOMINGO,16/06/2019,,,216,,,3973
LUNES,17/06/2019,,,175,,,2329
MARTES,18/06/2019,,,172,,,2385
MIÉRCOLES,19/06/2019,,,246,,,3428
JUEVES,20/06/2019,,,254,,,3234
VIERNES,21/06/2019,,,258,,,3586
SÁBADO,22/06/2019,,,288,,,5487
DOMINGO,23/06/2019,,,208,,,3938
LUNES,24/06/2019,,,170,,,2273
MARTES,25/06/2019,,,199,,,2512
MIÉRCOLES,26/06/2019,,,283,,,3906
JUEVES,27/06/2019,,,241,,,"3518,06"
VIERNES,28/06/2019,,,252,,,"3782,77"
SÁBADO,29/06/2019,,,253,,,"4817,14"
DOMINGO,30/06/2019,,,170,,,3176
LUNES,1/07/2019,,,232,,,"2871,36"
MARTES,2/07/2019,,,198,,,2839
MIÉRCOLES,3/07/2019,,,311,,,5036
JUEVES,4/07/2019,,,266,,,3828
VIERNES,5/07/2019,,,277,,,4140
SÁBADO,6/07/2019,,,300,,,5315
DOMINGO,7/07/2019,,,164,,,3177
LUNES,8/07/2019,,,246,,,3363
MARTES,9/07/2019,,,213,,,2942
MIÉRCOLES,10/07/2019,,,218,,,3223
JUEVES,11/07/2019,,,196,,,2700
VIERNES,12/07/2019,,,220,,,3193
SÁBADO,13/07/2019,,,254,,,4805
DOMINGO,14/07/2019,,,209,,,3583
LUNES,15/07/2019,,,187,,,2613
MARTES,16/07/2019,,,212,,,2663
MIÉRCOLES,17/07/2019,,,258,,,3592
JUEVES,18/07/2019,,,231,,,3442
VIERNES,19/07/2019,,,244,,,3238
SÁBADO,20/07/2019,,,206,,,3721
DOMINGO,21/07/2019,,,150,,,2802
LUNES,22/07/2019,,,137,,,1867
MARTES,23/07/2019,,,154,,,2041
MIÉRCOLES,24/07/2019,,,206,,,2770
JUEVES,25/07/2019,,,181,,,2465
VIERNES,26/07/2019,,,234,,,4163
SÁBADO,27/07/2019,,,242,,,4608
DOMINGO,28/07/2019,,,117,,,2285
LUNES,29/07/2019,,,154,,,1956
MARTES,30/07/2019,,,115,,,1539
MIÉRCOLES,31/07/2019,,,163,,,2252
JUEVES,1/08/2019,,,215,,,2873
VIERNES,2/08/2019,,,215,,,3344
SÁBADO,3/08/2019,,,215,,,4015
DOMINGO,4/08/2019,,,164,,,3030
LUNES,5/08/2019,,,173,,,2518
MARTES,6/08/2019,,,192,,,2421
MIÉRCOLES,7/08/2019,,,277,,,3738
JUEVES,8/08/2019,,,269,,,3669
VIERNES,9/08/2019,,,222,,,3170
SÁBADO,10/08/2019,,,228,,,4318
DOMINGO,11/08/2019,,,169,,,3096
LUNES,12/08/2019,,,229,,,3041
MARTES,13/08/2019,,,214,,,2777
MIÉRCOLES,14/08/2019,,,168,,,2245
JUEVES,15/08/2019,,,181,,,3386
VIERNES,16/08/2019,,,241,,,3555
SÁBADO,17/08/2019,,,215,,,3933
DOMINGO,18/08/2019,,,124,,,2237
LUNES,19/08/2019,,,149,,,2218
MARTES,20/08/2019,,,186,,,2429
MIÉRCOLES,21/08/2019,,,238,,,3318
JUEVES,22/08/2019,,,197,,,2591
VIERNES,23/08/2019,,,245,,,3543
SÁBADO,24/08/2019,,,218,,,3983
DOMINGO,25/08/2019,,,131,,,2342
LUNES,26/08/2019,,,187,,,2750
MARTES,27/08/2019,,,258,,,3436
MIÉRCOLES,28/08/2019,,,240,,,3370
JUEVES,29/08/2019,,,193,,,"2595,26"
VIERNES,30/08/2019,,,253,,,"3522,92"
SÁBADO,31/08/2019,,,264,,,"4971,83"
DOMINGO,1/09/2019,,,162,,,2917
LUNES,2/09/2019,,,164,,,2248
MARTES,3/09/2019,,,169,,,2367
MIÉRCOLES,4/09/2019,,,226,,,3166
JUEVES,5/09/2019,,,259,,,3722
VIERNES,6/09/2019,,,244,,,3729
SÁBADO,7/09/2019,,,317,,,5811
DOMINGO,8/09/2019,,,202,,,3622
LUNES,9/09/2019,,,191,,,2537
MARTES,10/09/2019,,,204,,,2789
MIÉRCOLES,11/09/2019,,,323,,,4985
JUEVES,12/09/2019,,,266,,,3893
VIERNES,13/09/2019,,,239,,,3496
SÁBADO,14/09/2019,,,289,,,5317
DOMINGO,15/09/2019,,,165,,,3223
LUNES,16/09/2019,,,225,,,3195
MARTES,17/09/2019,,,188,,,2614
MIÉRCOLES,18/09/2019,,,212,,,2755
JUEVES,19/09/2019,,,238,,,3449
VIERNES,20/09/2019,,,287,,,4770
SÁBADO,21/09/2019,,,406,,,7986
DOMINGO,22/09/2019,,,245,,,4478
LUNES,23/09/2019,,,206,,,2753
MARTES,24/09/2019,,,245,,,3660
MIÉRCOLES,25/09/2019,,,239,,,3255
JUEVES,26/09/2019,,,288,,,"4007,85"
VIERNES,27/09/2019,,,375,,,"5388,65"
SÁBADO,28/09/2019,,,390,,,"7374,52"
DOMINGO,29/09/2019,,,324,,,"6608,77"
LUNES,30/09/2019,,,216,,,"2982,94"
MARTES,1/10/2019,,,183,,,2583
MIÉRCOLES,2/10/2019,,,231,,,3119
JUEVES,3/10/2019,,,240,,,3039
VIERNES,4/10/2019,,,349,,,5001
SÁBADO,5/10/2019,,,458,,,8775
DOMINGO,6/10/2019,,,254,,,4803
LUNES,7/10/2019,,,223,,,3165
MARTES,8/10/2019,,,220,,,6087
MIÉRCOLES,9/10/2019,,,245,,,3279
JUEVES,10/10/2019,,,295,,,3860
VIERNES,11/10/2019,,,299,,,4808
SÁBADO,12/10/2019,,,442,,,8762
DOMINGO,13/10/2019,,,248,,,4612
LUNES,14/10/2019,,,207,,,3095
MARTES,15/10/2019,,,225,,,3473
MIÉRCOLES,16/10/2019,,,197,,,2711
JUEVES,17/10/2019,,,240,,,3416
VIERNES,18/10/2019,,,379,,,5596
SÁBADO,19/10/2019,,,454,,,8796
DOMINGO,20/10/2019,,,294,,,5760
LUNES,21/10/2019,,,267,,,4108
MARTES,22/10/2019,,,288,,,4276
MIÉRCOLES,23/10/2019,,,244,,,3363
JUEVES,24/10/2019,,,243,,,3414
VIERNES,25/10/2019,,,293,,,4375
SÁBADO,26/10/2019,,,482,,,9017
DOMINGO,27/10/2019,,,237,,,4374
LUNES,28/10/2019,,,276,,,4023
MARTES,29/10/2019,,,200,,,2735
MIÉRCOLES,30/10/2019,,,250,,,3263
JUEVES,31/10/2019,,,283,,,"3965,46"
VIERNES,1/11/2019,,,454,,,8296
SÁBADO,2/11/2019,,,496,,,9330
DOMINGO,3/11/2019,,,237,,,4403
LUNES,4/11/2019,,,236,,,3223
MARTES,5/11/2019,,,213,,,2919
MIÉRCOLES,6/11/2019,,,264,,,3393
JUEVES,7/11/2019,,,257,,,3540
VIERNES,8/11/2019,,,355,,,5238
SÁBADO,9/11/2019,,,461,,,8377
DOMINGO,10/11/2019,,,174,,,3298
LUNES,11/11/2019,,,235,,,3182
MARTES,12/11/2019,,,202,,,2609
MIÉRCOLES,13/11/2019,,,252,,,3147
JUEVES,14/11/2019,,,240,,,3110
VIERNES,15/11/2019,,,398,,,6443
SÁBADO,16/11/2019,,,509,,,9864
DOMINGO,17/11/2019,,,226,,,4454
LUNES,18/11/2019,,,247,,,3351
MARTES,19/11/2019,,,229,,,3027
MIÉRCOLES,20/11/2019,,,210,,,2871
JUEVES,21/11/2019,,,241,,,3228
VIERNES,22/11/2019,,,356,,,5450
SÁBADO,23/11/2019,,,519,,,9674
DOMINGO,24/11/2019,,,341,,,6599
LUNES,25/11/2019,,,293,,,4027
MARTES,26/11/2019,,,203,,,2738
MIÉRCOLES,27/11/2019,,,301,,,4238
JUEVES,28/11/2019,,,344,,,"4703,6"
VIERNES,29/11/2019,,,491,,,"7617,25"
SÁBADO,30/11/2019,,,523,,,"10209,03"
DOMINGO,1/12/2019,,,268,,,5239
LUNES,2/12/2019,,,324,,,4468
MARTES,3/12/2019,,,294,,,4027
MIÉRCOLES,4/12/2019,,,240,,,3255
JUEVES,5/12/2019,,,311,,,4596
VIERNES,6/12/2019,,,464,,,8425
SÁBADO,7/12/2019,,,537,,,10155
DOMINGO,8/12/2019,,,394,,,7528
LUNES,9/12/2019,,,294,,,5511
MARTES,10/12/2019,,,286,,,4060
MIÉRCOLES,11/12/2019,,,291,,,3567
JUEVES,12/12/2019,,,326,,,4697
VIERNES,13/12/2019,,,420,,,7246
SÁBADO,14/12/2019,,,518,,,10423
DOMINGO,15/12/2019,,,306,,,5858
LUNES,16/12/2019,,,250,,,3291
MARTES,17/12/2019,,,293,,,4373
MIÉRCOLES,18/12/2019,,,297,,,3763
JUEVES,19/12/2019,,,236,,,3133
VIERNES,20/12/2019,,,279,,,4144
SÁBADO,21/12/2019,,,445,,,8568
DOMINGO,22/12/2019,,,321,,,5997
LUNES,23/12/2019,,,341,,,4564
MARTES,24/12/2019,,,84,,,1032
MIÉRCOLES,25/12/2019,,,0,,,0
JUEVES,26/12/2019,,,391,,,"5248,16"
VIERNES,27/12/2019,,,492,,,"6761,23"
SÁBADO,28/12/2019,,,461,,,"8613,99"
DOMINGO,29/12/2019,,,402,,,"7617,82"
LUNES,30/12/2019,,,412,,,"6067,36"
MARTES,31/12/2019,,,112,,,"1409,89"
SÁBADO,1/01/2022,32,55,87,676,865,1541
DOMINGO,2/01/2022,102,37,139,1811,759,2570
LUNES,3/01/2022,124,0,124,1746,0,1746
MARTES,4/01/2022,117,0,117,1628,0,1628
MIÉRCOLES,5/01/2022,98,19,117,1319,408,1727
JUEVES,6/01/2022,66,31,97,1437,563,2000
VIERNES,7/01/2022,122,44,166,1846,852,2698
SÁBADO,8/01/2022,105,80,185,2030,1483,3514
DOMINGO,9/01/2022,62,18,80,1184,335,1519
LUNES,10/01/2022,71,0,71,948,0,948
MARTES,11/01/2022,87,0,87,1184,0,1184
MIÉRCOLES,12/01/2022,46,19,65,606,327,934
JUEVES,13/01/2022,64,18,82,832,352,1184
VIERNES,14/01/2022,45,44,89,634,887,1521
SÁBADO,15/01/2022,92,72,164,1853,1540,3393
DOMINGO,16/01/2022,72,26,98,1540,459,1998
LUNES,17/01/2022,82,0,82,1073,0,1073
MARTES,18/01/2022,76,0,76,983,0,983
MIÉRCOLES,19/01/2022,71,39,110,905,825,1729
JUEVES,20/01/2022,73,41,114,1075,854,1929
VIERNES,21/01/2022,88,85,173,1362,1472,2834
SÁBADO,22/01/2022,117,79,196,2076,1572,3648
DOMINGO,23/01/2022,87,16,103,1689,282,1971
LUNES,24/01/2022,71,0,71,899,0,899
MARTES,25/01/2022,82,0,82,1157,0,1157
MIÉRCOLES,26/01/2022,88,11,99,1089,199,1288
JUEVES,27/01/2022,94,21,115,1181,417,1597
VIERNES,28/01/2022,99,59,158,1262,1260,2521
SÁBADO,29/01/2022,109,75,184,2113,1440,3553
DOMINGO,30/01/2022,89,28,117,1720,441,2161
LUNES,31/01/2022,73,0,73,986,0,986
MARTES,1/02/2022,90,0,90,1140,0,1140
MIÉRCOLES,2/02/2022,71,26,97,896,541,1437
JUEVES,3/02/2022,68,18,86,819,412,1231
VIERNES,4/02/2022,74,70,144,1024,1481,2505
SÁBADO,5/02/2022,103,86,189,2179,1688,3867
DOMINGO,6/02/2022,85,27,112,1672,526,2199
LUNES,7/02/2022,100,0,100,1255,0,1255
MARTES,8/02/2022,82,0,82,980,0,980
MIÉRCOLES,9/02/2022,83,24,107,1104,399,1503
JUEVES,10/02/2022,98,29,127,1153,714,1867
VIERNES,11/02/2022,77,51,128,991,1087,2078
SÁBADO,12/02/2022,93,83,176,1875,1609,3484
DOMINGO,13/02/2022,90,33,123,1865,542,2407
LUNES,14/02/2022,111,44,155,1474,929,2403
MARTES,15/02/2022,104,0,104,1295,0,1295
MIÉRCOLES,16/02/2022,97,11,108,1229,208,1436
JUEVES,17/02/2022,101,25,126,1338,536,1874
VIERNES,18/02/2022,90,70,160,1371,1362,2732
SÁBADO,19/02/2022,109,72,181,2245,1414,3659
DOMINGO,20/02/2022,92,0,92,1902,0,1902
LUNES,21/02/2022,85,0,85,1089,0,1089
MARTES,22/02/2022,89,0,89,1187,0,1187
MIÉRCOLES,23/02/2022,101,25,126,1191,608,1799
JUEVES,24/02/2022,110,18,128,1361,341,1702
VIERNES,25/02/2022,110,76,186,1599,1468,3067
SÁBADO,26/02/2022,112,94,206,2479,1772,4250
DOMINGO,27/02/2022,97,48,145,1947,925,2872
LUNES,28/02/2022,113,0,113,1619,0,1619
MARTES,1/03/2022,130,0,130,3363,0,3363
MIÉRCOLES,2/03/2022,82,19,101,2086,345,2431
JUEVES,3/03/2022,129,17,146,3427,321,3748
VIERNES,4/03/2022,121,86,207,3099,1852,4951
SÁBADO,5/03/2022,120,91,211,5015,1844,6859
DOMINGO,6/03/2022,131,21,152,5321,448,5768
LUNES,7/03/2022,84,0,84,2178,0,2178
MARTES,8/03/2022,115,0,115,2973,0,2973
MIÉRCOLES,9/03/2022,134,0,134,3351,0,3351
JUEVES,10/03/2022,118,36,154,2963,715,3678
VIERNES,11/03/2022,134,70,204,3683,1462,5145
SÁBADO,12/03/2022,132,98,230,5391,2005,7395
DOMINGO,13/03/2022,110,28,138,4313,510,4823
LUNES,14/03/2022,83,0,83,2015,0,2015
MARTES,15/03/2022,113,0,113,2697,0,2697
MIÉRCOLES,16/03/2022,112,27,139,2867,502,3369
JUEVES,17/03/2022,113,46,159,2895,871,3766
VIERNES,18/03/2022,102,84,186,2799,1495,4294
SÁBADO,19/03/2022,130,112,242,5594,2415,8009
DOMINGO,20/03/2022,114,14,128,4249,265,4514
LUNES,21/03/2022,103,0,103,2608,0,2608
MARTES,22/03/2022,91,0,91,2231,0,2231
MIÉRCOLES,23/03/2022,91,28,119,2485,584,3069
JUEVES,24/03/2022,138,35,173,3660,635,4295
VIERNES,25/03/2022,99,82,181,2669,1613,4282
SÁBADO,26/03/2022,139,113,252,5507,2197,7703
DOMINGO,27/03/2022,119,32,151,4734,613,5347
LUNES,28/03/2022,61,0,61,1468,0,1468
MARTES,29/03/2022,78,21,99,1889,477,2366
MIÉRCOLES,30/03/2022,124,44,168,3362,817,4180
JUEVES,31/03/2022,124,12,136,2822,258,3079
VIERNES,1/04/2022,92,92,184,1175,1779,2954
SÁBADO,2/04/2022,140,132,272,2754,2489,5243
DOMINGO,3/04/2022,140,28,168,2825,557,3383
LUNES,4/04/2022,125,26,151,1536,546,2081
MARTES,5/04/2022,135,42,177,1647,828,2475
MIÉRCOLES,6/04/2022,140,19,159,1688,329,2018
JUEVES,7/04/2022,110,16,126,1401,324,1725
VIERNES,8/04/2022,112,68,180,1417,1288,2705
SÁBADO,9/04/2022,132,93,225,2457,1820,4277
DOMINGO,10/04/2022,130,46,176,2601,1043,3645
LUNES,11/04/2022,103,52,155,1449,984,2433
MARTES,12/04/2022,143,50,193,1939,923,2862
MIÉRCOLES,13/04/2022,117,44,161,1641,871,2513
JUEVES,14/04/2022,90,92,182,1700,1689,3390
VIERNES,15/04/2022,134,86,220,2538,1612,4150
SÁBADO,16/04/2022,127,116,243,2391,1933,4324
DOMINGO,17/04/2022,0,123,123,0,0,0
LUNES,18/04/2022,122,25,147,1587,393,1979
MARTES,19/04/2022,123,45,168,1495,930,2426
MIÉRCOLES,20/04/2022,161,28,189,2038,516,2554
JUEVES,21/04/2022,128,59,187,1618,1175,2793
VIERNES,22/04/2022,103,95,198,1351,1992,3343
SÁBADO,23/04/2022,178,143,321,3654,2984,6638
DOMINGO,24/04/2022,115,35,150,2369,609,2978
LUNES,25/04/2022,99,60,159,1324,1263,2587
MARTES,26/04/2022,104,29,133,1290,650,1940
MIÉRCOLES,27/04/2022,113,50,163,1448,967,2415
JUEVES,28/04/2022,90,28,118,1167,597,1764
VIERNES,29/04/2022,118,65,183,1641,1410,3050
SÁBADO,30/04/2022,145,121,266,2832,2429,5261
DOMINGO,1/05/2022,135,59,194,2812,1136,3948
LUNES,2/05/2022,127,10,137,2566,232,2798
MARTES,3/05/2022,116,24,140,1505,468,1973
MIÉRCOLES,4/05/2022,136,9,145,1806,199,2005
JUEVES,5/05/2022,76,23,99,971,406,1376
VIERNES,6/05/2022,97,76,173,1278,1395,2673
SÁBADO,7/05/2022,136,128,264,2636,2390,5026
DOMINGO,8/05/2022,96,19,115,1956,430,2385
LUNES,9/05/2022,111,49,160,1435,1122,2557
MARTES,10/05/2022,85,38,123,1112,825,1937
MIÉRCOLES,11/05/2022,127,41,168,1616,1076,2692
JUEVES,12/05/2022,108,25,133,1353,538,1890
VIERNES,13/05/2022,111,72,183,1419,1497,2916
SÁBADO,14/05/2022,109,89,198,2148,1841,3988
DOMINGO,15/05/2022,140,48,188,2835,915,3750
LUNES,16/05/2022,0,61,61,0,1171,1171
MARTES,17/05/2022,106,21,127,1367,432,1798
MIÉRCOLES,18/05/2022,125,34,159,1658,699,2357
JUEVES,19/05/2022,127,36,163,1722,753,2475
VIERNES,20/05/2022,86,80,166,1356,1577,2933
SÁBADO,21/05/2022,171,145,316,3317,3346,6663
DOMINGO,22/05/2022,0,154,154,0,0,0
LUNES,23/05/2022,77,19,96,976,419,1395
MARTES,24/05/2022,108,72,180,1312,1540,2852
MIÉRCOLES,25/05/2022,178,39,217,2374,818,3192
JUEVES,26/05/2022,100,16,116,1257,317,1574
VIERNES,27/05/2022,85,65,150,1064,1299,2362
SÁBADO,28/05/2022,96,46,142,2029,897,2926
DOMINGO,29/05/2022,98,30,128,2126,540,2666
LUNES,30/05/2022,132,25,157,1677,503,2181
MARTES,31/05/2022,140,85,225,1775,1790,3565
MIÉRCOLES,1/06/2022,102,18,120,1293,0,1293
JUEVES,2/06/2022,101,38,139,1268,0,1268
VIERNES,3/06/2022,77,61,138,1023,0,1023
SÁBADO,4/06/2022,138,135,273,2741,0,2741
DOMINGO,5/06/2022,96,27,123,1967,0,1967
LUNES,6/06/2022,93,48,141,1310,0,1310
MARTES,7/06/2022,108,20,128,1381,0,1381
MIÉRCOLES,8/06/2022,130,53,183,1650,0,1650
JUEVES,9/06/2022,115,40,155,1443,0,1443
VIERNES,10/06/2022,138,83,221,1940,0,1940
SÁBADO,11/06/2022,97,107,204,2004,0,2004
DOMINGO,12/06/2022,97,30,127,1913,0,1913
LUNES,13/06/2022,95,27,122,1254,0,1254
MARTES,14/06/2022,135,52,187,1831,0,1831
MIÉRCOLES,15/06/2022,115,23,138,1484,0,1484
JUEVES,16/06/2022,91,15,106,1146,0,1146
VIERNES,17/06/2022,104,86,190,1414,0,1414
SÁBADO,18/06/2022,102,100,202,2169,0,2169
DOMINGO,19/06/2022,80,34,114,1483,0,1483
LUNES,20/06/2022,90,22,112,1191,0,1191
MARTES,21/06/2022,113,60,173,1546,0,1546
MIÉRCOLES,22/06/2022,111,29,140,1489,0,1489
JUEVES,23/06/2022,101,14,115,1382,0,1382
VIERNES,24/06/2022,107,109,216,1500,0,1500
SÁBADO,25/06/2022,129,123,252,2823,0,2823
DOMINGO,26/06/2022,115,19,134,2223,0,2223
LUNES,27/06/2022,102,40,142,1426,0,1426
MARTES,28/06/2022,66,17,83,815,0,815
MIÉRCOLES,29/06/2022,92,15,107,1414,0,1414
JUEVES,30/06/2022,70,43,113,915,0,915
VIERNES,1/07/2022,88,67,155,1191,1406,2597
SÁBADO,2/07/2022,81,96,177,1560,1942,3502
DOMINGO,3/07/2022,120,25,145,2314,473,2787
LUNES,4/07/2022,102,10,112,1366,216,1582
MARTES,5/07/2022,101,49,150,1293,882,2175
MIÉRCOLES,6/07/2022,132,20,152,1858,389,2247
JUEVES,7/07/2022,101,47,148,1307,1048,2355
VIERNES,8/07/2022,120,55,175,1742,1211,2953
SÁBADO,9/07/2022,82,71,153,1643,1418,3061
DOMINGO,10/07/2022,90,48,138,1683,843,2526
LUNES,11/07/2022,96,27,123,1300,482,1782
MARTES,12/07/2022,108,52,160,1483,927,2410
MIÉRCOLES,13/07/2022,85,81,166,1184,1446,2630
JUEVES,14/07/2022,94,33,127,1194,635,1828
VIERNES,15/07/2022,87,91,178,1201,1921,3122
SÁBADO,16/07/2022,94,64,158,1761,1304,3064
DOMINGO,17/07/2022,65,24,89,1258,406,1665
LUNES,18/07/2022,97,29,126,1424,743,2167
MARTES,19/07/2022,81,27,108,1050,409,1459
MIÉRCOLES,20/07/2022,88,64,152,1176,1664,2840
JUEVES,21/07/2022,85,14,99,1106,267,1373
VIERNES,22/07/2022,60,87,147,768,1700,2468
SÁBADO,23/07/2022,90,62,152,1913,1325,3237
DOMINGO,24/07/2022,58,77,135,1006,1577,2583
LUNES,25/07/2022,47,30,77,1012,615,1626
MARTES,26/07/2022,77,22,99,1101,395,1496
MIÉRCOLES,27/07/2022,58,16,74,727,279,1006
JUEVES,28/07/2022,81,47,128,1055,1018,2073
VIERNES,29/07/2022,83,69,152,1119,1331,2450
SÁBADO,30/07/2022,75,75,150,1558,1535,3093
DOMINGO,31/07/2022,61,49,110,1269,1028,2298
LUNES,1/08/2022,64,20,84,871,382,1253
MARTES,2/08/2022,88,56,144,1160,818,1979
MIÉRCOLES,3/08/2022,120,58,178,1734,818,2552
JUEVES,4/08/2022,87,55,142,1106,859,1965
VIERNES,5/08/2022,91,63,154,1226,1180,2406
SÁBADO,6/08/2022,69,63,132,1299,1310,2609
DOMINGO,7/08/2022,68,29,97,1340,522,1862
LUNES,8/08/2022,99,16,115,1287,234,1521
MARTES,9/08/2022,77,42,119,1039,900,1939
MIÉRCOLES,10/08/2022,101,23,124,1336,382,1718
JUEVES,11/08/2022,78,36,114,914,697,1610
VIERNES,12/08/2022,78,51,129,1144,897,2041
SÁBADO,13/08/2022,79,74,153,1574,1473,3047
DOMINGO,14/08/2022,70,22,92,1402,436,1838
LUNES,15/08/2022,76,27,103,1565,573,2138
MARTES,16/08/2022,91,33,124,1169,751,1919
MIÉRCOLES,17/08/2022,41,31,72,533,661,1194
JUEVES,18/08/2022,83,26,109,1213,541,1754
VIERNES,19/08/2022,72,46,118,967,803,1770
SÁBADO,20/08/2022,50,66,116,1157,1405,2563
DOMINGO,21/08/2022,69,28,97,1429,444,1873
LUNES,22/08/2022,70,40,110,960,848,1808
MARTES,23/08/2022,94,18,112,1332,341,1673
MIÉRCOLES,24/08/2022,90,35,125,1228,695,1923
JUEVES,25/08/2022,83,83,166,1208,1208,2416
VIERNES,26/08/2022,78,45,123,1004,860,1863
SÁBADO,27/08/2022,95,70,165,1891,1336,3227
DOMINGO,28/08/2022,64,37,101,1283,623,1907
LUNES,29/08/2022,65,46,111,855,893,1748
MARTES,30/08/2022,91,32,123,1180,686,1867
MIÉRCOLES,31/08/2022,111,21,132,1417,379,1796
JUEVES,1/09/2022,87,39,126,1085,585,1670
VIERNES,2/09/2022,107,104,211,1417,2079,3497
SÁBADO,3/09/2022,124,114,238,2486,2347,4833
DOMINGO,4/09/2022,89,31,120,1694,620,2314
LUNES,5/09/2022,121,27,148,1495,483,1977
MARTES,6/09/2022,98,12,110,1198,239,1437
MIÉRCOLES,7/09/2022,106,43,149,1419,972,2390
JUEVES,8/09/2022,142,33,175,1927,642,2569
VIERNES,9/09/2022,120,70,190,1598,1506,3103
SÁBADO,10/09/2022,118,89,207,2461,1805,4267
DOMINGO,11/09/2022,77,33,110,1504,745,2249
LUNES,12/09/2022,87,10,97,1132,206,1338
MARTES,13/09/2022,101,13,114,1246,212,1458
MIÉRCOLES,14/09/2022,115,2,117,1468,30,1498
JUEVES,15/09/2022,102,48,150,1246,940,2186
VIERNES,16/09/2022,112,82,194,1475,1654,3129
SÁBADO,17/09/2022,53,80,133,1098,1735,2833
DOMINGO,18/09/2022,89,16,105,1863,329,2192
LUNES,19/09/2022,118,20,138,1461,450,1911
MARTES,20/09/2022,88,27,115,1089,641,1731
MIÉRCOLES,21/09/2022,124,13,137,1582,230,1812
JUEVES,22/09/2022,114,38,152,1415,719,2134
VIERNES,23/09/2022,94,73,167,1330,1552,2882
SÁBADO,24/09/2022,108,120,228,2240,2316,4556
DOMINGO,25/09/2022,127,53,180,2599,791,3390
LUNES,26/09/2022,108,31,139,1378,582,1960
MARTES,27/09/2022,112,17,129,1799,362,2160
MIÉRCOLES,28/09/2022,134,66,200,1704,1477,3181
JUEVES,29/09/2022,134,32,166,1724,740,2465
VIERNES,30/09/2022,124,103,227,1617,2011,3627
SÁBADO,1/10/2022,127,105,232,2656,2360,5016
DOMINGO,2/10/2022,124,17,141,2542,371,2914
LUNES,3/10/2022,129,41,170,1644,407,2051
MARTES,4/10/2022,101,42,143,1295,1122,2417
MIÉRCOLES,5/10/2022,110,69,179,1491,1678,3169
JUEVES,6/10/2022,142,30,172,2030,518,2548
VIERNES,7/10/2022,122,101,223,1621,2100,3722
SÁBADO,8/10/2022,132,107,239,2695,2138,4833
DOMINGO,9/10/2022,128,37,165,2605,718,3323
LUNES,10/10/2022,102,18,120,1273,338,1611
MARTES,11/10/2022,152,60,212,2024,1153,3177
MIÉRCOLES,12/10/2022,149,18,167,3120,411,3531
JUEVES,13/10/2022,106,30,136,1417,576,1993
VIERNES,14/10/2022,130,80,210,1965,1713,3678
SÁBADO,15/10/2022,127,108,235,2808,2395,5203
DOMINGO,16/10/2022,99,36,135,2228,638,2866
LUNES,17/10/2022,111,29,140,1446,544,1990
MARTES,18/10/2022,137,28,165,1719,433,2152
MIÉRCOLES,19/10/2022,117,25,142,1482,497,1979
JUEVES,20/10/2022,121,33,154,1523,705,2228
VIERNES,21/10/2022,119,84,203,1644,1791,3435
SÁBADO,22/10/2022,108,85,193,2341,1722,4063
DOMINGO,23/10/2022,108,50,158,2245,1013,3258
LUNES,24/10/2022,135,39,174,1770,817,2587
MARTES,25/10/2022,105,38,143,1393,873,2265
MIÉRCOLES,26/10/2022,139,31,170,1702,606,2309
JUEVES,27/10/2022,126,39,165,1667,789,2456
VIERNES,28/10/2022,115,52,167,1462,1103,2565
SÁBADO,29/10/2022,110,116,226,2323,2393,4716
DOMINGO,30/10/2022,99,24,123,2018,535,2553
LUNES,31/10/2022,174,128,302,2125,2543,4668
MARTES,1/11/2022,128,36,164,2543,767,3310
MIÉRCOLES,2/11/2022,98,18,116,1323,346,1669
JUEVES,3/11/2022,120,88,208,1654,2129,3784
VIERNES,4/11/2022,138,86,224,1963,1793,3755
SÁBADO,5/11/2022,112,115,227,2586,2463,5049
DOMINGO,6/11/2022,101,9,110,2101,185,2286
LUNES,7/11/2022,104,17,121,1312,386,1697
MARTES,8/11/2022,0,40,40,0,696,696
MIÉRCOLES,9/11/2022,112,112,224,2515,2515,5029
JUEVES,10/11/2022,111,33,144,1653,715,2368
VIERNES,11/11/2022,137,106,243,2176,2478,4654
SÁBADO,12/11/2022,122,122,244,2562,2410,4972
DOMINGO,13/11/2022,138,37,175,2987,707,3693
LUNES,14/11/2022,123,25,148,1757,520,2277
MARTES,15/11/2022,108,25,133,1614,529,2143
MIÉRCOLES,16/11/2022,131,41,172,2049,887,2936
JUEVES,17/11/2022,122,45,167,1612,842,2455
VIERNES,18/11/2022,135,77,212,2087,1744,3831
SÁBADO,19/11/2022,118,120,238,2483,2467,4950
DOMINGO,20/11/2022,107,21,128,2338,446,2784
LUNES,21/11/2022,81,20,101,1137,388,1525
MARTES,22/11/2022,122,122,244,1681,1681,3362
MIÉRCOLES,23/11/2022,112,9,121,1516,177,1693
JUEVES,24/11/2022,0,46,46,0,834,834
VIERNES,25/11/2022,137,90,227,2103,1980,4083
SÁBADO,26/11/2022,137,77,214,2990,1983,4973
DOMINGO,27/11/2022,112,29,141,2487,515,3002
LUNES,28/11/2022,111,20,131,1570,363,1933
MARTES,29/11/2022,121,28,149,1628,541,2169
MIÉRCOLES,30/11/2022,131,35,166,1707,627,2333
JUEVES,1/12/2022,130,24,154,1697,568,2265
VIERNES,2/12/2022,114,21,135,1428,336,1763
SÁBADO,3/12/2022,56,70,126,1282,1384,2666
DOMINGO,4/12/2022,70,40,110,1384,849,2233
LUNES,5/12/2022,99,36,135,1268,770,2037
MARTES,6/12/2022,46,26,72,948,456,1404
MIÉRCOLES,7/12/2022,101,19,120,1275,414,1689
JUEVES,8/12/2022,52,15,67,1085,364,1449
VIERNES,9/12/2022,122,60,182,1597,1158,2755
SÁBADO,10/12/2022,67,86,153,1503,1521,3024
DOMINGO,11/12/2022,96,28,124,2088,482,2570
LUNES,12/12/2022,81,8,89,1034,130,1164
MARTES,13/12/2022,107,10,117,1409,216,1625
MIÉRCOLES,14/12/2022,150,26,176,1900,560,2461
JUEVES,15/12/2022,98,36,134,1335,833,2168
VIERNES,16/12/2022,124,67,191,2198,1549,3747
SÁBADO,17/12/2022,104,116,220,2086,2510,4596
DOMINGO,18/12/2022,69,26,95,1321,473,1794
LUNES,19/12/2022,138,33,171,1800,667,2467
MARTES,20/12/2022,127,22,149,1639,377,2016
MIÉRCOLES,21/12/2022,130,21,151,1630,502,2131
JUEVES,22/12/2022,108,49,157,1373,1022,2395
VIERNES,23/12/2022,106,56,162,1344,994,2338
SÁBADO,24/12/2022,64,53,117,989,2033,3022
DOMINGO,25/12/2022,21,0,21,815,0,815
LUNES,26/12/2022,103,41,144,1951,797,2747
MARTES,27/12/2022,158,25,183,2117,523,2640
MIÉRCOLES,28/12/2022,144,36,180,1935,671,2606
JUEVES,29/12/2022,135,40,175,1798,870,2668
VIERNES,30/12/2022,147,74,221,2003,1466,3469
SÁBADO,31/12/2022,67,0,67,1318,0,1318
DOMINGO,1/01/2023,25,0,25,525,0,525
LUNES,2/01/2023,104,40,144,1530,647,2177
MARTES,3/01/2023,150,50,200,2075,934,3008
MIÉRCOLES,4/01/2023,179,56,235,2696,847,3544
JUEVES,5/01/2023,129,71,200,1851,1251,3102
VIERNES,6/01/2023,111,62,173,2428,1155,3584
SÁBADO,7/01/2023,106,86,192,2177,1490,3668
DOMINGO,8/01/2023,92,8,100,2019,112,2131
LUNES,9/01/2023,131,23,154,1884,450,2334
MARTES,10/01/2023,118,22,140,1757,375,2132
MIÉRCOLES,11/01/2023,129,34,163,1676,725,2401
JUEVES,12/01/2023,107,30,137,1453,695,2148
VIERNES,13/01/2023,126,90,216,1956,1793,3749
SÁBADO,14/01/2023,142,107,249,2962,2273,5235
DOMINGO,15/01/2023,126,15,141,2575,311,2885
LUNES,16/01/2023,82,21,103,1110,370,1480
MARTES,17/01/2023,87,24,111,1294,499,1792
MIÉRCOLES,18/01/2023,134,59,193,1764,1407,3171
JUEVES,19/01/2023,106,55,161,1417,1103,2521
VIERNES,20/01/2023,142,94,236,2205,1672,3876
SÁBADO,21/01/2023,122,107,229,2716,2042,4758
DOMINGO,22/01/2023,87,32,119,1804,553,2357
LUNES,23/01/2023,99,26,125,1329,609,1938
MARTES,24/01/2023,110,13,123,1621,273,1894
MIÉRCOLES,25/01/2023,114,23,137,1687,419,2106
JUEVES,26/01/2023,121,21,142,1611,444,2056
VIERNES,27/01/2023,145,99,244,2056,1880,3936
SÁBADO,28/01/2023,136,107,243,2763,2209,4973
DOMINGO,29/01/2023,97,14,111,1936,262,2198
LUNES,30/01/2023,129,14,143,1782,321,2103
MARTES,31/01/2023,100,22,122,1285,452,1738
MIÉRCOLES,1/02/2023,112,19,131,1520,388,1909
JUEVES,2/02/2023,125,29,154,1664,647,2310
VIERNES,3/02/2023,129,83,212,1854,1695,3550
SÁBADO,4/02/2023,117,107,224,2410,2159,4569
DOMINGO,5/02/2023,106,24,130,2252,424,2676
LUNES,6/02/2023,96,17,113,1304,484,1788
MARTES,7/02/2023,121,17,138,1750,413,2163
MIÉRCOLES,8/02/2023,112,15,127,1560,331,1890
JUEVES,9/02/2023,123,45,168,1640,845,2485
VIERNES,10/02/2023,116,113,229,1606,1946,3552
SÁBADO,11/02/2023,133,113,246,2796,2280,5076
DOMINGO,12/02/2023,105,28,133,2239,574,2813
LUNES,13/02/2023,79,21,100,1136,501,1637
MARTES,14/02/2023,102,38,140,1522,797,2318
MIÉRCOLES,15/02/2023,98,41,139,1397,742,2139
JUEVES,16/02/2023,110,26,136,1556,580,2136
VIERNES,17/02/2023,101,85,186,1360,1692,3052
SÁBADO,18/02/2023,118,108,226,2759,1895,4655
DOMINGO,19/02/2023,103,38,141,2284,676,2960
LUNES,20/02/2023,115,15,130,1545,334,1879
MARTES,21/02/2023,98,45,143,1314,1030,2344
MIÉRCOLES,22/02/2023,116,31,147,1459,506,1965
JUEVES,23/02/2023,116,37,153,1486,860,2346
VIERNES,24/02/2023,132,93,225,1684,1952,3636
SÁBADO,25/02/2023,126,127,253,2732,2648,5380
DOMINGO,26/02/2023,101,30,131,2259,451,2710
LUNES,27/02/2023,93,21,114,1382,327,1709
MARTES,28/02/2023,134,7,141,2005,178,2184
MIÉRCOLES,1/03/2023,140,25,165,1872,587,2459
JUEVES,2/03/2023,124,29,153,1664,625,2289
VIERNES,3/03/2023,135,84,219,1915,1734,3650
SÁBADO,4/03/2023,149,123,272,3075,2433,5508
DOMINGO,5/03/2023,104,24,128,2110,376,2487
LUNES,6/03/2023,74,26,100,1008,456,1465
MARTES,7/03/2023,115,37,152,1540,717,2256
MIÉRCOLES,8/03/2023,85,62,147,1148,1304,2453
JUEVES,9/03/2023,124,17,141,1658,430,2087
VIERNES,10/03/2023,108,67,175,1551,1315,2867
SÁBADO,11/03/2023,118,125,243,2270,2564,4834
DOMINGO,12/03/2023,115,11,126,2448,221,2670
LUNES,13/03/2023,102,27,129,1354,691,2045
MARTES,14/03/2023,103,42,145,1465,840,2305
MIÉRCOLES,15/03/2023,98,40,138,1294,737,2031
JUEVES,16/03/2023,123,32,155,1848,675,2523
VIERNES,17/03/2023,125,116,241,2003,2382,4385
SÁBADO,18/03/2023,121,141,262,2737,3112,5849
DOMINGO,19/03/2023,125,60,185,2638,1156,3794
LUNES,20/03/2023,108,36,144,2151,624,2775
MARTES,21/03/2023,99,86,185,1462,1498,2960
MIÉRCOLES,22/03/2023,104,14,118,1468,312,1780
JUEVES,23/03/2023,109,20,129,1579,450,2028
VIERNES,24/03/2023,114,111,225,1687,2359,4045
SÁBADO,25/03/2023,114,123,237,2530,2641,5170
DOMINGO,26/03/2023,105,77,182,2153,1502,3655
LUNES,27/03/2023,71,20,91,1054,459,1513
MARTES,28/03/2023,108,23,131,1433,480,1913
MIÉRCOLES,29/03/2023,130,35,165,1767,721,2487
JUEVES,30/03/2023,124,33,157,1784,703,2488
VIERNES,31/03/2023,115,82,197,1632,1601,3233
SÁBADO,1/04/2023,121,129,250,2503,2933,5436
DOMINGO,2/04/2023,110,70,180,2312,1236,3548
LUNES,3/04/2023,90,28,118,1222,654,1875
MARTES,4/04/2023,101,49,150,1387,1051,2438
MIÉRCOLES,5/04/2023,117,30,147,1587,530,2117
JUEVES,6/04/2023,98,83,181,1756,1482,3238
VIERNES,7/04/2023,90,99,189,2007,1822,3830
SÁBADO,8/04/2023,107,73,180,2231,1622,3853
DOMINGO,9/04/2023,59,39,98,1264,732,1995
LUNES,10/04/2023,98,6,104,1305,99,1403
MARTES,11/04/2023,88,43,131,1148,937,2085
MIÉRCOLES,12/04/2023,105,33,138,1494,628,2122
JUEVES,13/04/2023,104,16,120,1434,277,1711
VIERNES,14/04/2023,120,103,223,1675,2238,3914
SÁBADO,15/04/2023,95,83,178,2119,1770,3889
DOMINGO,16/04/2023,0,0,0,0,0,0
LUNES,17/04/2023,91,37,128,1132,870,2002
MARTES,18/04/2023,88,18,106,1250,351,1601
MIÉRCOLES,19/04/2023,95,15,110,1260,259,1519
JUEVES,20/04/2023,88,28,116,1272,644,1916
VIERNES,21/04/2023,93,96,189,1236,1833,3070
SÁBADO,22/04/2023,131,95,226,2831,1946,4777
DOMINGO,23/04/2023,82,26,108,1702,599,2300
LUNES,24/04/2023,110,26,136,1481,524,2005
MARTES,25/04/2023,93,41,134,1227,917,2144
MIÉRCOLES,26/04/2023,88,18,106,1189,375,1564
JUEVES,27/04/2023,74,39,113,926,790,1716
VIERNES,28/04/2023,86,71,157,1195,1400,2594
SÁBADO,29/04/2023,81,107,188,1703,2113,3817
DOMINGO,30/04/2023,101,40,141,2144,740,2884
LUNES,1/05/2023,86,32,118,1776,643,2419
MARTES,2/05/2023,60,11,71,1186,192,1378
MIÉRCOLES,3/05/2023,75,47,122,983,1276,2259
JUEVES,4/05/2023,60,20,80,801,358,1159
VIERNES,5/05/2023,47,56,103,1732,1035,2766
SÁBADO,6/05/2023,98,100,198,2047,2143,4191
DOMINGO,7/05/2023,65,41,106,1385,855,2240
LUNES,8/05/2023,68,30,98,928,618,1547
MARTES,9/05/2023,81,11,92,1152,286,1438
MIÉRCOLES,10/05/2023,73,65,138,808,1781,2589
JUEVES,11/05/2023,82,23,105,1108,437,1545
VIERNES,12/05/2023,80,54,134,1100,1102,2202
SÁBADO,13/05/2023,77,58,135,1706,1101,2807
DOMINGO,14/05/2023,80,19,99,1711,420,2131
LUNES,15/05/2023,59,25,84,1172,472,1645
MARTES,16/05/2023,81,24,105,1077,413,1490
MIÉRCOLES,17/05/2023,103,60,163,1493,1498,2991
JUEVES,18/05/2023,86,33,119,1232,678,1911
VIERNES,19/05/2023,92,70,162,1317,1358,2676
SÁBADO,20/05/2023,69,63,132,1608,1550,3158
DOMINGO,21/05/2023,84,33,117,1728,676,2404
LUNES,22/05/2023,86,30,116,1208,711,1919
MARTES,23/05/2023,78,27,105,1128,570,1698
MIÉRCOLES,24/05/2023,78,36,114,1035,879,1914
JUEVES,25/05/2023,85,26,111,1131,557,1688
VIERNES,26/05/2023,85,63,148,1188,1214,2402
SÁBADO,27/05/2023,93,94,187,2103,1893,3996
DOMINGO,28/05/2023,81,35,116,1671,730,2401
LUNES,29/05/2023,78,38,116,1130,894,2024
MARTES,30/05/2023,71,21,92,991,464,1455
MIÉRCOLES,31/05/2023,77,28,105,1004,625,1629
JUEVES,1/06/2023,107,29,136,1423,630,2053
VIERNES,2/06/2023,70,69,139,1019,1497,2516
SÁBADO,3/06/2023,88,82,170,1805,1828,3634
DOMINGO,4/06/2023,81,32,113,1653,655,2308
LUNES,5/06/2023,75,36,111,1062,1073,2134
MARTES,6/06/2023,124,44,168,1450,869,2319
MIÉRCOLES,7/06/2023,94,32,126,1289,792,2081
JUEVES,8/06/2023,84,27,111,1146,509,1656
VIERNES,9/06/2023,82,59,141,1180,1232,2412
SÁBADO,10/06/2023,143,82,225,2155,1893,4047
DOMINGO,11/06/2023,65,29,94,1355,528,1884
LUNES,12/06/2023,92,22,114,1245,449,1694
MARTES,13/06/2023,91,49,140,1265,986,2252
MIÉRCOLES,14/06/2023,118,22,140,1643,509,2152
JUEVES,15/06/2023,95,13,108,1282,321,1602
VIERNES,16/06/2023,76,63,139,1031,1381,2412
SÁBADO,17/06/2023,90,78,168,1956,1545,3501
DOMINGO,18/06/2023,74,25,99,1625,471,2096
LUNES,19/06/2023,70,35,105,912,772,1684
MARTES,20/06/2023,74,28,102,1039,545,1584
MIÉRCOLES,21/06/2023,73,27,100,1024,638,1662
JUEVES,22/06/2023,99,23,122,1413,469,1882
VIERNES,23/06/2023,68,78,146,984,1579,2563
SÁBADO,24/06/2023,79,93,172,2827,1789,4616
DOMINGO,25/06/2023,70,30,100,1440,537,1977
LUNES,26/06/2023,71,51,122,980,987,1967
MARTES,27/06/2023,91,60,151,1967,1338,3305
MIÉRCOLES,28/06/2023,82,30,112,1082,523,1605
JUEVES,29/06/2023,80,16,96,1005,296,1301
VIERNES,30/06/2023,82,72,154,1187,1514,2700
SÁBADO,1/07/2023,82,40,122,1807,869,2676
DOMINGO,2/07/2023,94,28,122,1827,583,2410
LUNES,3/07/2023,106,48,154,1463,848,2311
MARTES,4/07/2023,82,44,126,1081,909,1990
MIÉRCOLES,5/07/2023,70,22,92,930,499,1429
JUEVES,6/07/2023,86,26,112,1278,501,1779
VIERNES,7/07/2023,61,44,105,817,918,1735
SÁBADO,8/07/2023,99,94,193,2011,1716,3727
DOMINGO,9/07/2023,33,40,73,696,771,1467
LUNES,10/07/2023,112,15,127,1503,295,1798
MARTES,11/07/2023,81,42,123,1021,883,1904
MIÉRCOLES,12/07/2023,113,11,124,1549,204,1753
JUEVES,13/07/2023,90,29,119,1359,472,1832
VIERNES,14/07/2023,80,48,128,1185,934,2119
SÁBADO,15/07/2023,84,68,152,1697,1402,3099
DOMINGO,16/07/2023,40,12,52,803,265,1068
LUNES,17/07/2023,66,24,90,884,487,1371
MARTES,18/07/2023,82,11,93,1095,243,1338
MIÉRCOLES,19/07/2023,87,46,133,1098,1167,2264
JUEVES,20/07/2023,93,36,129,1172,639,1810
VIERNES,21/07/2023,53,59,112,804,1094,1898
SÁBADO,22/07/2023,62,62,124,1259,1205,2465
DOMINGO,23/07/2023,29,22,51,622,455,1077
LUNES,24/07/2023,77,16,93,995,302,1297
MARTES,25/07/2023,92,40,132,1264,776,2039
MIÉRCOLES,26/07/2023,65,40,105,883,794,1677
JUEVES,27/07/2023,90,16,106,1220,295,1516
VIERNES,28/07/2023,40,47,87,604,837,1441
SÁBADO,29/07/2023,73,38,111,1347,796,2142
DOMINGO,30/07/2023,81,26,107,1356,495,1851
LUNES,31/07/2023,75,15,90,971,384,1355
MARTES,1/08/2023,47,32,79,1079,2139,3218
MIÉRCOLES,2/08/2023,80,21,101,2640,2797,5437
JUEVES,3/08/2023,70,24,94,1690,728,2418
VIERNES,4/08/2023,74,29,103,1732,735,2467
SÁBADO,5/08/2023,71,69,140,1501,840,2341
DOMINGO,6/08/2023,64,40,104,1650,1010,2660
LUNES,7/08/2023,72,50,122,1777,956,2732
MARTES,8/08/2023,83,45,128,1112,2203,3314
MIÉRCOLES,9/08/2023,106,30,136,2719,2881,5600
JUEVES,10/08/2023,63,35,98,1741,750,2491
VIERNES,11/08/2023,73,43,116,1749,742,2491
SÁBADO,12/08/2023,64,59,123,1516,849,2364
DOMINGO,13/08/2023,76,21,97,1666,1020,2686
LUNES,14/08/2023,111,25,136,1794,965,2759
MARTES,15/08/2023,91,15,106,1122,2224,3347
MIÉRCOLES,16/08/2023,104,16,120,2745,2909,5654
JUEVES,17/08/2023,84,25,109,1758,757,2515
VIERNES,18/08/2023,82,29,111,1766,749,2515
SÁBADO,19/08/2023,67,73,140,1530,857,2387
DOMINGO,20/08/2023,47,40,87,1682,1029,2712
LUNES,21/08/2023,75,21,96,1811,974,2785
MARTES,22/08/2023,103,26,129,1133,2246,3379
MIÉRCOLES,23/08/2023,123,23,146,2772,2937,5708
JUEVES,24/08/2023,121,20,141,1775,765,2539
VIERNES,25/08/2023,59,63,122,1783,756,2539
SÁBADO,26/08/2023,84,79,163,1545,865,2410
DOMINGO,27/08/2023,91,21,112,1698,1039,2738
LUNES,28/08/2023,68,37,105,1829,983,2812
MARTES,29/08/2023,111,16,127,1144,2267,3411
MIÉRCOLES,30/08/2023,107,59,166,2798,2965,5763
JUEVES,31/08/2023,102,30,132,2625,750,3375
VIERNES,01/09/2023,68,69,137,1013,1141,2154
SÁBADO,02/09/2023,101,70,171,1987,1404,3391
DOMINGO,03/09/2023,74,8,82,1594,149,1743
LUNES,04/09/2023,66,12,78,919,341,1260
MARTES,05/09/2023,81,24,105,1039,455,1494
MIÉRCOLES,06/09/2023,112,76,188,1560,1873,3433
JUEVES,07/09/2023,81,35,116,926,734,1660
VIERNES,08/09/2023,86,108,194,1260,1742,3002
SÁBADO,09/09/2023,132,129,261,2494,2175,4669
DOMINGO,10/09/2023,103,132,235,2106,890,2996
LUNES,11/09/2023,90,17,107,1199,350,1549
MARTES,12/09/2023,109,38,147,1462,774,2236
MIÉRCOLES,13/09/2023,96,84,180,1202,1968,3170
JUEVES,14/09/2023,89,26,115,1097,401,1498
VIERNES,15/09/2023,59,49,108,575,1244,1819
SÁBADO,16/09/2023,106,99,205,2201,2099,4300
DOMINGO,17/09/2023,89,37,126,1581,715,2296
LUNES,18/09/2023,77,22,99,981,482,1463
MARTES,19/09/2023,91,21,112,1183,477,1660
MIÉRCOLES,20/09/2023,107,64,171,1255,1632,2887
JUEVES,21/09/2023,97,45,142,1422,898,2320
VIERNES,22/09/2023,110,72,182,1527,1489,3016
SÁBADO,23/09/2023,135,69,204,2388,1554,3942
DOMINGO,24/09/2023,181,19,200,2892,659,3551
LUNES,25/09/2023,129,30,159,1527,610,2137
MARTES,26/09/2023,105,23,128,1315,472,1787
MIÉRCOLES,27/09/2023,80,107,187,1162,2242,3404
JUEVES,28/09/2023,122,47,169,1719,800,2519
VIERNES,29/09/2023,134,114,248,1917,2468,4385
SÁBADO,30/09/2023,148,108,256,2762,2042,4804
DOMINGO,01/10/2023,111,18,129,2000,478,2478
LUNES,02/10/2023,80,40,120,1091,782,1873
MARTES,03/10/2023,98,37,135,1280,698,1978
MIÉRCOLES,04/10/2023,122,43,165,1426,1067,2493
JUEVES,05/10/2023,131,22,153,1783,470,2253
VIERNES,06/10/2023,103,63,166,1353,1590,2943
SÁBADO,07/10/2023,165,164,329,3749,3324,7073
DOMINGO,08/10/2023,164,43,207,3335,838,4173
LUNES,09/10/2023,91,23,114,1215,444,1659
MARTES,10/10/2023,119,44,163,1567,999,2566
MIÉRCOLES,11/10/2023,89,40,129,1164,801,1965
JUEVES,12/10/2023,166,61,227,3130,1069,4199
VIERNES,13/10/2023,173,96,269,1977,2456,4433
SÁBADO,14/10/2023,217,127,344,4613,2660,7273
DOMINGO,15/10/2023,123,26,149,2597,590,3187
LUNES,16/10/2023,89,45,134,1163,1010,2173
MARTES,17/10/2023,105,35,140,1325,698,2023
MIÉRCOLES,18/10/2023,132,51,183,1780,1032,2812
JUEVES,19/10/2023,79,74,153,968,1524,2492
VIERNES,20/10/2023,122,145,267,1651,3710,5361
SÁBADO,21/10/2023,196,186,382,4050,4600,8650
DOMINGO,22/10/2023,152,46,198,3290,1135,4425